sno,broadcaster,channelName,lang,cost,genre,streamType,airtelChannelNum,dishTVChannelNum,sunDirectChannelNum,tataSkyChannelNum,d2hChannelNum
1,9X MEDIA PRIVATE LIMITED,9X,HINDI,0,,,,,,,
2,9X MEDIA PRIVATE LIMITED,9X JALWA (PHIR SE 9X),HINDI/ENGLISH /BENGALI&ALL INDIAN INDIAN SCHEDULE LANGUAGE,0,,,,,,,
3,9X MEDIA PRIVATE LIMITED,9X JHAKAAS (9X MARATHI),MARATHI,0,,,,,,,
4,9X MEDIA PRIVATE LIMITED,9XM,HINDI/ENGLISH /BENGALI&ALL INDIAN INDIAN SCHEDULE LANGUAGE,0,,,,,,,
5,9X MEDIA PRIVATE LIMITED,9XO (9XM VELVET),HINDI,0,,,,,,,
6,9X MEDIA PRIVATE LIMITED,Housefull Action (earlier 9X BAJAO (Earlier 9X BAJAAO & 9X BANGLA),HINDI,0,,,,,,,
7,A ONE NEWS TIME BROADCASTING PRIVATE LIMITED,TV 24,HINDI/ PUNJABI/ ENGLISH,0,,,,,,,
8,A.R. RAIL VIKAS SERVICES PVT. LTD.,BHASKAR NEWS (AP 9),"HINDI, ENGLISH, MARATHI AND ALL OTHER INDIAN SCHEDULE LANGUAGE",0,,,,,,,
9,A.R. RAIL VIKAS SERVICES PVT. LTD.,SATYA,"HINDI, ENGLISH, MARATHI AND ALL OTHER INDIAN SCHEDULE LANGUAGE",0,,,,,,,
10,AADRI ENTERTAINMENT AND MEDIA WORKS PVT.LTD.,Mahua Plus (earlier AGRO ROYAL TV (Earlier AADRI WELLNESS),TELUGU/HINDI/ENGLISH/GUJARATI/TAMIL/KANNADA/BENGALI/MALAYALAM,0,,,,,,,
11,AADRI ENTERTAINMENT AND MEDIA WORKS PVT.LTD.,Shiva Shakthi Sai TV (earlier BENZE TV (Earlier AADRI ENRICH),TELUGU/HINDI/ENGLISH/GUJARATI/TAMIL/KANNADA/BENGALI/MALAYALAM,0,,,,,,,
12,AAMODA BROADCASTING COMPANY PRIVATE LIMITED,ABN ANDHRA JYOTHI,TELUGU,0,,,,,,,
13,AAP MEDIA PVT.LTD.,ANJAN TV,"HINDI, ENGLISH AND ALL OTHER INDIAN SCHEDULE LANGUAGES",0,,,,,,,
14,AASTHA BROAD CASTING NETWORK LIMITED,ARIHANT,HINDI/GUJRATI/ENGLISH,0,,,,,,,
15,ABP NEWS NETWORK PVT. LTD,"ABP ASMITA (Earlie ABP SAMACHAR GUJARATI, ABP Sanjha)",GUJARATI,0,,,,,,,
16,ABP NEWS NETWORK PVT. LTD,ABP NEWS (earlier STAR NEWS),HINDI/ENGLISH/MARATHI,0,,,,,,,
17,ABP NEWS NETWORK PVT. LTD,ABP Ananda,BENGALI,0,,,,,,,
18,ABP NEWS NETWORK PVT. LTD,ABP Majha,HINDI/ ENGLISH/ MARATHI,0,,,,,,,
19,ABP NEWS NETWORK PVT. LTD,ABP Andhra,Telugu/Hindi,0,,,,,,,
20,ABP NEWS NETWORK PVT. LTD,ABP News HD,English/Hindi,0,,,,,,,
21,ABP NEWS NETWORK PVT. LTD,ABP Sanjha,Punjabi/Hindi/English,0,,,,,,,
22,ABP NEWS NETWORK PVT. LTD,ABP Tamil,Tamil/Hindi,0,,,,,,,
23,AETN 18 Media Pvt. Ltd,History TV 18 Tamil,"Tamil, English and all other scheduled Indian Languages",0,,,,,,,
24,Airtravel Enterprises India Limited,ATE TV,MALAYALAM & ENGLISH,0,,,,,,,
25,AJI INTERNATIONAL PRIVATE LIMITED,AL JAZEERA ENGLISH,ENGLISH,0,,,,,,,
26,ALLIANCE BROADCASTING PRIVATE LIMITED,NEWS 7 TAMIL (Earlier REAL ESTATE ),TAMIL ,0,,,,,,,
27,ALLIANCE STRATEGIES LIMITED,K NEWS INDIA (earlier MAGIK / Bhojpuria Magic),"HINDI/Bhojpuri, Kumaoni & Garhwali",0,,,,,,,
28,AM Television Pvt. Ltd,PRAG (earlier NEWS BANGLA),ENGLISH/ HINDI/ NORTH EASTERN LANGUAGES,0,,,,,,,
29,AM Television Pvt. Ltd,RENGONI,ASSAMESE,0,,,,,,,
30,AMRITA ENTERPRISES PRIVATE LIMITED,AMRITA,MALAYALAM/ HINDI/ ENGLISH,0,,,,,,,
31,ANDHRAPRABHA PUBLICATIONS LIMITED,"INDIA AHEAD (EARLIER BHAARAT TODAY, BHARAT TODAY (Earlier YOUR NEWS))",ENGLISH AND ALL OTHER INDIAN SCHEDULE LANGUAGES,0,,,,,,,
32,Angel Admark Pvt. Ltd.,XCLUSIVE TV (Anugraha Malyalam),"Hindi, English, All Indian Languages",0,,,,,,,
33,ANGEL BROADCASTING NETWORK PVT. LTD,ANGEL TV,TAMIL/ ENGLISH AND OTHER INDIAN LANGUAGES,0,,,,,,,
34,ANGEL MEDIA NETWORK PVT LTD,GOD TV,ENGLISH/ HINDI/ TAMIL,0,,,,,,,
35,ARADANA BROADCASTING INTERNATIONAL PRIVATE LIMITED,ARADANA,TELUGU/ ENGLISH/ HINDI,0,,,,,,,
36,ARG Outlier Media Pvt. Ltd,Republic TV,English and Hindi,0,,,,,,,
37,ARG Outlier Media Pvt. Ltd,REPUBLIC TV BHARAT,Hindi,0,,,,,,,
38,ARPAN MEDIA PRIVATE LIMITED,"IND 24 (earlier Live India Kannada, NEWS SUPER FAST)","HINDI, ENGLISH AND ALL OTHER INDIAN SCHEDULE LANGUAGE",0,,,,,,,
39,ASHIRWAD TELENETWORK PRIVATE LIMITED,B4U Bhojpuri,HINDI/ ENGLISH/ OTHER NORTH INDIAN LANGUAGES,0,,,,,,,
40,ASHIRWAD TELENETWORK PRIVATE LIMITED,MOVIES HOUSE (Earleir ASHIRWAD CLASSIC),HINDI ENGLISH AND ALL OTHER INDIAN SCHEDULED LANGUAGES,0,,,,,,,
41,ASHIRWAD TELENETWORK PRIVATE LIMITED,Studio One + (earlier ASHIRWAD Gold),HINDI ENGLISH AND ALL OTHER INDIAN SCHEDULED LANGUAGES,0,,,,,,,
42,ASHOKA PRODUCTIONS AND COMMUNICATION PVT LTD,"News 1 India (earlier High News (earlier News1 India, CEE NEWS)","HINDI, ENGLISH AND ALL OTHER INDIAN SCHEDULE LANGUAGES",0,,,,,,,
43,ASHOKA PRODUCTIONS AND COMMUNICATION PVT LTD,SUPER TV (earlier CEE VANDANA/Adhyatm),"HINDI,ENGLISH & ALL OTHER INDIAN LANGUAGES.",0,,,,,,,
44,ASIANET NEWS NETWORK PRIVATE LIMITED,ASIANET NEWS,MALAYALAM,0,,,,,,,
45,ASIANET NEWS NETWORK PRIVATE LIMITED,SUVARNA NEWS,KANNADA/ ENGLISH,0,,,,,,,
46,Asnani Builders & Developers Ltd,Anaadi TV,All Indian Languages,0,,,,,,,
47,ASPIRATION MEDIA PVT. LTD.,TOLLY WOOD,ENGLISH/ REGIONAL LANGUAGES,0,,,,,,,
48,ASSOCIATED BROADCASTING COMPANY PRIVATE LIMITED,NEWS 9,GUJARATI/ MARATHI/ HINDI/ KANNADA/ MALAYALAM/ TELUGU/ TAMIL/ ENGLISH/ OTHER INDIAN LANGUAGES,0,,,,,,,
49,ASSOCIATED BROADCASTING COMPANY PRIVATE LIMITED,TV 1,MARATHI/ HINDI/ TELUGU/ MALAYALAM/ KANNADA/ TAMIL/ ENGLISH/ OTHER INDIAN LANGUAGES,0,,,,,,,
50,ASSOCIATED BROADCASTING COMPANY PRIVATE LIMITED,TV 9,MARATHI/ HINDI/ KANNADA/ MALAYALAM/ TELUGU/ TAMIL/ ENGLISH/ OTHER INDIAN LANGUAGES,0,,,,,,,
51,ASSOCIATED BROADCASTING COMPANY PRIVATE LIMITED,TV9 Bharatvarsh,GUJARATI/ MARATHI/ HINDI/ KANNADA/ MALAYALAM/ TELUGU/ TAMIL/ ENGLISH AND OTHER INDIAN LANGUAGES,0,,,,,,,
52,ASSOCIATED BROADCASTING COMPANY PRIVATE LIMITED,TV9 GUJARAT,GUJARATI/ MARATHI/ HINDI/ KANNADA/ MALAYALAM/ TELUGU/ TAMIL/ ENGLISH/ OTHER INDIAN LANGUAGES,0,,,,,,,
53,ASSOCIATED BROADCASTING COMPANY PRIVATE LIMITED,TV9 KANNADA,MARATHI/ HINDI/ KANNADA/ MALAYALAM/ TELUGU/ TAMIL/ ENGLISH/ OTHER INDIAN LANGUAGES,0,,,,,,,
54,ASSOCIATED BROADCASTING COMPANY PRIVATE LIMITED,TV9 MUMBAI,MARATHI/ HINDI/ KANNADA/ MALAYALAM/ TELUGU/ TAMIL/ ENGLISH/ OTHER INDIAN LANGUAGES,0,,,,,,,
55,AY BROADCAST FOUNDATION,Athmeeyayathra (earlier AY TV),MALAYALAM/ ENGLISH,0,,,,,,,
56,B4U TELEVISION NETWORK I PVT. LTD.,B4U MOVIES,ENGLISH/ HINDI,0,,,,,,,
57,B4U TELEVISION NETWORK I PVT. LTD.,B4U MUSIC,ENGLISH/ HINDI,0,,,,,,,
58,B4U TELEVISION NETWORK I PVT. LTD.,B4U Hitz,Hindi & English,0,,,,,,,
59,B4U TELEVISION NETWORK I PVT. LTD.,B4U Plus,English and Hindi,0,,,,,,,
60,BHARAT BROADCASTING NETWORK LIMITED,JAI HIND,MALAYALAM,0,,,,,,,
61,BHARAT HYDEL PROJECTS PRIVATE LIMITED,NETWORK 10,HINDI,0,,,,,,,
62,Bhole Baba Real Estate Developers Pvt. Ltd.,AHSAS (Earlier Daati Ahsas),"Hindi, English and All Other Indian Schedules Languages",0,,,,,,,
63,Bhole Baba Real Estate Developers Pvt. Ltd.,INH 24x7 (earlier INDIAN CRIME (Earlier NAV JAGRITI & NSN News),"Hindi, English and All Other Indian Schedules Languages",0,,,,,,,
64,BIZZ NEWS PRIVATE LIMITED,BIZZ NEWS,GUJARATI,0,,,,,,,
65,BLOOMBERG TELEVISION PRODUCTION SERVICES PVT. LTD.,BLOOMBERG TELEVISION ASIA-PACIFIC FEED,ENGLISH,0,,,,,,,
66,BnB Entertainment Pvt. Ltd,BNB,"English, Hindi, Punjabi & all Indian Languages",0,,,,,,,
67,Box Cinemedia Services Pvt. Ltd.,Box Cinema,HINDI AND OTHER INDIAN SCHEDULED LANGUAGES,0,,,,,,,
68,Business Broadcast News Private Limited,BTVi ,English ,0,,,,,,,
69,BKR international Media Private Limited,JEHOVAH,"HINDI, ENGLISH AND ALL OTHER INDIAN SCHEDULE LANGUAGES",0,,,,,,,
70,BPL MEDIA LIMITED,LIVING INDIA NEWS (Earlier FW News (REPORTER 24*7),HINDI AND OTHER INDIAN SCHEDULED LANGUAGES,0,,,,,,,
71,BRAHMAPUTRA TELE-PRODUCTIONS PRIVATE LIMITED,DY 365,ASSAMESE/ HINDI/ ENGLISH,0,,,,,,,
72,BRAHMAPUTRA TELE-PRODUCTIONS PRIVATE LIMITED,Jonack (earlier DHOOM /DY 365 ENTERTAINMENT),ASSAMESE,0,,,,,,,
73,BRAHMAPUTRA TELE-PRODUCTIONS PRIVATE LIMITED,NEWS 11 (Earlier DY-365 UP),HINDI/ BHOJPURI,0,,,,,,,
74,BRAND VALUE COMMUNICATIONS PRIVATE LIMITED,DHOOM MUSIC BANGLA,BENGALI,0,,,,,,,
75,BRAND VALUE COMMUNICATIONS PRIVATE LIMITED,NEWS TIME ASSAM,ASSAMI,0,,,,,,,
76,BRAND VALUE COMMUNICATIONS PRIVATE LIMITED,NEWS TIME BANGLA,BENGALI,0,,,,,,,
77,BRAND VALUE COMMUNICATIONS PRIVATE LIMITED,RUPASI BANGLA,BENGALI & Aasam,0,,,,,,,
78,CABSAT CHANNEL PRIVATE LIMITED,AUSTRALIA NETWORK,ENGLISH,0,,,,,,,
79,CABSAT CHANNEL PRIVATE LIMITED,DW TV,GERMAN/ ENGLISH,0,,,,,,,
80,CALCUTTA TELEVISION NETWORK PRIVATE LIMITED,CALCUTTA NEWS (Earlier UTTAR BANGLA AKD & C BANGLA),BENGALI,0,,,,,,,
81,CALCUTTA TELEVISION NETWORK PRIVATE LIMITED,CTVN-AKD-PLUS,BENGALI,0,,,,,,,
82,CAPTAIN MEDIA PRIVATE LIMITED,CAPTAIN NEWS,TAMIL/ ENGLISH,0,,,,,,,
83,CAPTAIN MEDIA PRIVATE LIMITED,CAPTAIN TV,TAMIL/ ENGLISH,0,,,,,,,
84,CATVISION LTD,Euro News,"French, English, German, Spanish, Italian, Portuguese, Russian, Arabic",0,,,,,,,
85,CATVISION LTD,FRANCE 24,FRENCH,0,,,,,,,
86,CATVISION LTD,TV 5 MONDE,FRENCH,0,,,,,,,
87,Cauvery Power Trading Chennai Pvt. Ltd,Cauvery News,Tamil,0,,,,,,,
88,CHANNEL BHARAT ENTERTAINMENT PRIVATE LIMITED,IMAYAM TV,TAMIL ENGLISH/ OTHER REGIONAL LANGUAGES,0,,,,,,,
89,CHANNEL NO 2 NEWS MEDIA PVT LTD,CHANNEL 2,PUNJABI/ HINDI/ ENGLISH / ALL OTHER SCHEDULED INDIAN LANGUAGES,0,,,,,,,
90,CHARHDIKALA PUBLICATIONS PRIVATE LIMITED,CHARDIKALA TIME TV,PUNJABI/ ENGLISH/ OTHER INDIAN LANGUAGES,0,,,,,,,
91,Chennai Murasu Private Limited,Malai Murasu Seithikal,Tamil,0,,,,,,,
92,CHRISTU KRUPA BROADCASTING PVT LTD,CALVARY TV,ALL INDIAN LANGUAGES,0,,,,,,,
93,Cinema 24x7 Pvt. Ltd,Naaptol,"Hindi, English and all scheduled Indian Languages",0,,,,,,,
94,Cinema 24x7 Pvt. Ltd,Tamil Naaptol,"Hindi, English and all scheduled Indian Languages",0,,,,,,,
95,Cinema 24x7 Pvt. Ltd,Malayalam Naaptol,"Hindi, English and all scheduled Indian Languages",0,,,,,,,
96,Cinema 24x7 Pvt. Ltd,Kannada Naaptol,"Hindi, English and all scheduled Indian Languages",0,,,,,,,
97,Cinema 24x7 Pvt. Ltd,Bangla Naaptol,"Hindi, English and all scheduled Indian Languages",0,,,,,,,
98,Cinema 24x7 Pvt. Ltd,NT6,"Hindi, English and all scheduled Indian Languages",0,,,,,,,
99,Cinema 24x7 Pvt. Ltd,NT7,"Hindi, English and all scheduled Indian Languages",0,,,,,,,
100,Cinema 24x7 Pvt. Ltd,NT8,"Hindi, English and all scheduled Indian Languages",0,,,,,,,
101,Cinema 24x7 Pvt. Ltd,NT9,"Hindi, English and all scheduled Indian Languages",0,,,,,,,
102,CITY NETWORK BROADCAST CONVERGENCE PVT LTD,WOW CINEMA (Earlier TV PUNJABI),ALL INDIAN LANGUAGES,0,,,,,,,
103,City Pulse Media India Pvt. Ltd,Paras-CITY Pulse,HINDI,0,,,,,,,
104,Cobol Communications Pvt. Ltd.,Mango,English and All Indian Languages,0,,,,,,,
105,COMSAT SYSTEM PRIVATE LIMITED,TV 7/ TV3 HEALTH PLANET,ENGLISH/ TELUGU/ HINDI,0,,,,,,,
106,COXSWAIN TECHNOLOGIES LIMITED,"KAVASAM TV (Earlier Archana, SPACETOON KIDS TV)",HINDI/ MARATHI,0,,,,,,,
107,COXSWAIN TECHNOLOGIES LIMITED,"Music Zone (earlier 7 S MUSIC, NILCHAKARA)",South Indian languages and all other scheduled languages,0,,,,,,,
108,COXSWAIN TECHNOLOGIES LIMITED,RAKSHANA TV,TELUGU/ HINDI,0,,,,,,,
109,COXSWAIN TECHNOLOGIES LIMITED,SHOPPING ZONE,HINDI/ MARATHI,0,,,,,,,
110,COXSWAIN TECHNOLOGIES LIMITED,"SWARA SAGAR (Earlier LAKSHYYA ENTERTAINMENT, SUPER STAR-JOSH)","TAMIL, TELUGU, KANNADA, MALAYALAM AND ALL OTHER INDIAN SCHEDULE LANGUAGES",0,,,,,,,
111,CREATIVE CHANNEL ADVERTISING AND MARKETING PRIVATE,MANORANJAN MOVIES (Earlier Manoranjan Music),Hindi,0,,,,,,,
112,CREATIVE CHANNEL ADVERTISING AND MARKETING PRIVATE,MANORANJAN TV,"HINDI, ENGLISH/ OTHER INDIAN SCHEDULED LANGUAGES",0,,,,,,,
113,CREATIVE CHANNEL ADVERTISING AND MARKETING PRIVATE,MANORANJAN GRAND,"HINDI, ENGLISH/ OTHER INDIAN SCHEDULED LANGUAGES",0,,,,,,,
114,CSL INFOMEDIA PRIVATE LIMITED,JAN TV,"HINDI, ENGLISH AND ALL OTHER INDIAN SCHEDULE LANGUAGES",0,,,,,,,
115,DAKSHIN MEDIA GAMING SOLUTIONS PRIVATE LIMITED,TEN CRICKET (Earlier known as PLAY TV),HINDI/ ENGLISH/ MARATHI/ TAMIL/ TELUGU/ MALAYALAM,0,,,,,,,
116,DERA TELEVISIONS PRIVATE LIMITED,MUNSIF TV,URDU/ HINDI/ ENGLISH/ REGIONAL LANGUAGES,0,,,,,,,
117,DEVBHUMI BROADCAST PRIVATE LIMITED,KHABAR FAST,"HINDI, ENGLISH, AND ALL OTHER INDIAN SCHEDULE LANGUAGE",0,,,,,,,
118,DHARM MEDIA VENTURES PRIVATE LIMITED,Naaptol Malayalam (earlier DHARM SANGEET),ALL INDIAN SCHEDULED LANGUAGES,0,,,,,,,
119,DIKSAT TRANSWORLD LIMITED,AASEERVATHAM,KANNADA,0,,,,,,,
120,DIKSAT TRANSWORLD LIMITED,CUSINE TV,ENGLISH,0,,,,,,,
121,DIKSAT TRANSWORLD LIMITED,WIN TV,TAMIL,0,,,,,,,
122,DIKSAT TRANSWORLD LIMITED,WIN TV - U.P.,HINDI,0,,,,,,,
123,DILIP BUILDCON PRIVATE LIMITED,DNN,HINDI,0,,,,,,,
124,DIRECT NEWS PRIVATE LIMITED,IMN NEWS (NEWS X),ENGLISH/HINDI,0,,,,,,,
125,DISCOVERY COMMUNICATION LIMITED,DSPORT HD,ENGLISH/ HINDI OTHER LOCAL LANGUAGES IN INDIA,0,,,,,,,
126,DISHA MEDIA PVT. LTD,DISHA NEWS CHANNEL (Earlier known as DHALIWAL TV),HINDI/ PUNJABI/ ENGLISH OTHER INDIAN LANGUAGES,0,,,,,,,
127,DISNEY BROADCASTING INDIA LTD,UTV MOVIES INTERNATIONAL,HINDI,0,,,,,,,
128,DIVYA BROADCASTING NETWORK PRIVATE LIMITED,DIVYA,HINDI/ PUNJABI/ ENGLISH/ URDU,0,,,,,,,
129,E24 Glamour Ltd,DARSHAN 24 (Earlier LIFE 24),ENGLISH/HINDI,0,,,,,,,
130,E24 Glamour Ltd,E 24,ENGLISH/HINDI,0,,,,,,,
131,EASTERN MEDIA LIMITED,ARRA (Earlier known as MANJARI),ALL INDIAN LANGUAGE,0,,,,,,,
132,EASTERN MEDIA LIMITED,KANAK NEWS (Earlier KANAK TV & KANAK SAMBAD),ORIYA,0,,,,,,,
133,EASWARI MEDIA PRIVATE LIMITED,Tehzeeb TV,ALL INDIAN LANGUAGES,0,,,,,,,
134,ENTER 10 TELEVISION PRIVATE LIMITED,BHOJPURI CINEMA,ALL INDIAN LANGUAGES,0,,,,,,,
135,ENTER 10 TELEVISION PRIVATE LIMITED,Dangal (earlier ENTER 10 MOVIES ),HINDI/ ENGLISH,0,,,,,,,
136,ENTER 10 TELEVISION PRIVATE LIMITED,ENTERR 10,HINDI/ ENGLISH,0,,,,,,,
137,ENTER 10 TELEVISION PRIVATE LIMITED,Enter 10 Bangla,All Indian Languages,0,,,,,,,
138,ENTER 10 TELEVISION PRIVATE LIMITED,"FAKT MARATHI (Earlier AAPLA TALKIES, It's CINEMA, (LUCK TV)",ALL INDIAN LANGUAGES,0,,,,,,,
139,ENTER 10 TELEVISION PRIVATE LIMITED,Shaandaar Cinema,all Indian Languages,0,,,,,,,
140,ESSENCE TELEVISION PVT.LTD.,GRACE TV (Earlier PHENO TV & NEWS MAKERS),ALL INDIAN LANGUAGES,0,,,,,,,
141,EXCLUSIVE VISION BROADCAST PVT. LTD.,Lord Buddha TV (earlier LORD BUDDHA SHARNAM TV (Earlier SHARNAM),"HINDI, ENGLISH & ALL OTHER INDIAN SCHEDULE LANGUAGE",0,,,,,,,
142,EXCLUSIVE VISION MEDIA PVT. LTD.,Zingaat (earlier E AWAZ INDIA (EARLIER:AINDI (EARLIER: TULSI TV (Earlier VEDAS OM TV))),"ENGLISH, HINDI & ALL INDIAN SCHEDULED LANGUAGE",0,,,,,,,
143,EXPRESS BROADCASTING PRIVATE LIMITED,"Sanskriti TV (earlier Zonet Zawlbuk , earlier EN TV)",PUNJABI/ HINDI/ ENGLISH/ ALL OTHER INDIAN SCHEDULE LANGUAGES,0,,,,,,,
144,F7 BROADCAST PVT. LTD,"NEWS WORLD INDIA (earlier NAMOSTUTE INDIA, RR News )","Hindi, English and other Indian scheduled languages",0,,,,,,,
145,FUTURE VISION BROADCAT PRIVATE LIMITED,"India Watch (earlier INDIA NOW , Earlier INE LIVE)",HINDI/ENGLISH ALL INDIAN SCHEDULED LANGUAGE,0,,,,,,,
146,GLOBAL TELECASTING PVT. LTD.,FUN TV,"ENGLISH, HINDI AND ALL OTHER INDIAN LANGUAGES",0,,,,,,,
147,GN INFOMEDIA PVT LTD,"MANGALAM (Earlier REPORTER 24X7, GN News, GNN NEWS)",HINDI/ ENGLISH/ ALL OTHER INDIAN SCHEDULE LANGUAGE,0,,,,,,,
148,GN INFOMEDIA PVT LTD,WHISTLE TV (Earlier known as GN Bhakti GNN BHAKTI /GNN ENTERTAINMENT),HINDI/ ENGLISH/ ALL OTHER INDIAN SCHEDULE LANGUAGE,0,,,,,,,
149,G-NEXT MEDIA PRIVATE LIMITED,PTC CHAK DE,HINDI/PUNJABI,0,,,,,,,
150,G-NEXT MEDIA PRIVATE LIMITED,PTC NEWS,HINDI/PUNJABI,0,,,,,,,
151,G-NEXT MEDIA PRIVATE LIMITED,PTC PUNJABI,HINDI/ PUNJABI,0,,,,,,,
152,G-NEXT MEDIA PRIVATE LIMITED,PTC Music,HINDI/ PUNJABI/ENGLISH,0,,,,,,,
153,G-NEXT MEDIA PRIVATE LIMITED,PTC Punjabi Gold,HINDI/ PUNJABI/ENGLISH,0,,,,,,,
154,G-NEXT MEDIA PRIVATE LIMITED,PTC Simran,HINDI/ PUNJABI/ENGLISH,0,,,,,,,
155,God Media Pvt. Ltd.,Peace of Mind,"Hindi, English and All other Indian Scheduled & World Languages",0,,,,,,,
156,Gokann International Media Pvt. Ltd,7S Music ( Earlier MAAS TV),All Indian Languages,0,,,,,,,
157,GOOD NEWS CHANNEL PRIVATE LIMITED,Goodnews TV,English,0,,,,,,,
158,GOOD NEWS CHANNEL PRIVATE LIMITED,Nambikkai Television,Tamil,0,,,,,,,
159,GOOD NEWS CHANNEL PRIVATE LIMITED,SUBHA VAARTHA,TELUGU,0,,,,,,,
160,GOOD NEWS CHANNEL PRIVATE LIMITED,SUBHSANDESH,HINDI,0,,,,,,,
161,GOODNESS MEDIA PVT LTD,GOODNESS TV,MALYALAM/ ENGLISH,0,,,,,,,
162,Graphisads Private Limited,Awakening ,"Hindi, English and other Indian scheduled languages",0,,,,,,,
163,Graphisads Private Limited,P Plus,"Hindi, English and other Indian scheduled languages",0,,,,,,,
164,Graphisads Private Limited,PTunes,"Hindi, English and other Indian scheduled languages",0,,,,,,,
165,GUJARAT NEWS BROADCASTING PVT.LTD.,V TV,"GUJARATI,HINDI & ENGLISH.",0,,,,,,,
166,GULISTAN TV NETWORK PRIVATE LIMITED,GULISTAN NEWS,"HINDI, ENGLISH, PUNJABI AND ALL OTHER INDIAN SCHEDULE LANGUAGE",0,,,,,,,
167,Hare Krsna Content Broadcast Pvt Limited,Hare Krsna,"HINDI, ENGLISH AND ALL OTHER INDIAN SCHEDULE LANGUAGE",0,,,,,,,
168,HARI BHOOMI COMMUNICATIONS PVT. LTD,JANTA TV,HINDI/ ENGLISH AND ALL OTHER INDIAN SCHEDULE LANGUAGES,0,,,,,,,
169,HBN Network Private Ltd,HBN,"Hindi, Malayalam, Tamil & English",0,,,,,,,
170,HHP BROADCASTING SERVICES PRIVATE LIMITED,DABANGG,HINDI,0,,,,,,,
171,HINDUSTAN BROADCASTING COMPANY PRIVATE LIMITED,HBC NEWS,HINDI/ ENGLISH OTHER NORTH INDIAN LANGUAGES,0,,,,,,,
172,HORIZON SATELLITE SERVICE PVT LTD,Malai Murasu (Earlier Jai Tamil TV Earlier known as HORIZON NEWS),ALL INDIAN LANGUAGE,0,,,,,,,
173,HORIZON SATELLITE SERVICE PVT LTD,Y TV (Earlier known as Voice 24 Tripura/Horizon News 24x7),English and any other Indian Languages,0,,,,,,,
174,HYDERABAD MEDIA HOUSE LIMITED,HM TV,TELUGU/ HINDI/ ENGLISH/ NORTH INDIAN LANGUAGES,0,,,,,,,
175,IBC Tamil Private Limited,IBC Tamil,All Indian Languages,0,,,,,,,
176,IMAGE BROADCASTING INDIA PRIVATE LIMITED,CVR Health,"TELUGU, ENGLISH, HINDI, KANNADA, TAMIL, MALAYALAM",0,,,,,,,
177,IMAGE BROADCASTING INDIA PRIVATE LIMITED,CVR News,"TELUGU, ENGLISH, HINDI, KANNADA, TAMIL, MALAYALAM",0,,,,,,,
178,IMAGE BROADCASTING INDIA PRIVATE LIMITED,CVR News English,"Hindi,English & ALL OTHER INDIAN SCHEDULE LANGUAGES",0,,,,,,,
179,IMAGE BROADCASTING INDIA PRIVATE LIMITED,CVR Spiritual Om,"Hindi,English & ALL OTHER INDIAN SCHEDULE LANGUAGES",0,,,,,,,
180,IMPACT TELEVISION PRIVATE LIMITED,"RM-RUJUMARGAM FROM DARKNESS TO LIGHT (earlier MU ODIA, KATHA TV)",ALL INDIAN LANGUAGES,0,,,,,,,
181,INDEPENDENT NEWS SERVICE PVT. LTD,INDIA TV,ENGLISH/ HINDI,0,,,,,,,
182,INDEPENDENT NEWS SERVICE PVT. LTD,INDIA TV WIZ,ENGLISH/ HINDI,0,,,,,,,
183,INDIRA TELEVISION LIMITED,Sakshi,HINDI/ ENGLISH,0,,,,,,,
184,INDO ASIAN NEWS CHANNEL PVT LTD,REPORTER,MALAYALAM,0,,,,,,,
185,INFORMATION TV PRIVATE LIMITED,Free TV,HINDI/ ENGLISH/ NORTH INDIAN LANGUAGES,0,,,,,,,
186,INFORMATION TV PRIVATE LIMITED,India News,HINDI/ ENGLISH AND NORTH INDIAN REGIONAL LANGUAGES,0,,,,,,,
187,INFORMATION TV PRIVATE LIMITED,India News Haryana,HINDI,0,,,,,,,
188,INFORMATION TV PRIVATE LIMITED,India News Madhya Pradesh Chattisgarh,HINDI/ OTHER NORTH INDIAN REGIONAL LANGUAGES,0,,,,,,,
189,INFORMATION TV PRIVATE LIMITED,India News Punjab,HINDI/ ENGLISH/ ALL OTHER NORTH INDIAN LANGUAGES,0,,,,,,,
190,INFORMATION TV PRIVATE LIMITED,India News Rajasthan,HINDI/ OTHER NORTH INDIAN REGIONAL LANGUAGES,0,,,,,,,
191,INFORMATION TV PRIVATE LIMITED,India News Uttar Pradesh-Uttarakhand,ENGLISH/ HINDI,0,,,,,,,
192,INFORMATION TV PRIVATE LIMITED,NewsX Kannada,HINDI/ ENGLISH AND OTHER NORTH INDIAN LANGUAGES,0,,,,,,,
193,J.S.D. DATA INFOTECH PRIVATE LIMITED,EXPRESS TV,ALL INDIAN LANGUAGE,0,,,,,,,
194,JAIN STUDIOS LIMITED,JAIN TV,HINDI/ ENGLISH,0,,,,,,,
195,JAINSON MEDIA PRIVATE LIMITED,PBN (earlier SAMACHAR 24X7),"HINDI, ENGLISH AND ALL OTHER INDIAN SCHEDULE LANGUAGE",0,,,,,,,
196,Janam Multi Media Ltd.,Janam,English and all other schedule language,0,,,,,,,
197,JANAPRIYA COMMUNICATION LTD.,TWENTY FOUR (Earlier JANAPRIYA),MALAYALAM /ENGLISH & ALL OTHER SPECIFIED LANGUAGE,0,,,,,,,
198,JANVANI BROADCASTING CORPORATION LTD,P7 GUJARATI,GUJRATI/ENGLISH/ALL OTHER INDIAN SCHEDULE LANGUAGES,0,,,,,,,
199,JANVANI BROADCASTING CORPORATION LTD,SNEHA TV (EARLIER P7 NEWS BEFORE THAT PBC TV),"PUNJABI, ENGLISH/ OTHER INDIAN LANGUAGES",0,,,,,,,
200,JEEVAN TELECASTING CORPORATION LIMITED,JEEVAN TV,MALAYALAM,0,,,,,,,
201,JOSH MEDIA VISION PVT LTD,MBC TV (VON JANTA KI AWAAZ),HINDI/ ENGLISH/ BENGALI,0,,,,,,,
202,JSK MULTI PRODUCTS PVT. LTD,DAY N NIGHT NEWS,PUNJABI/ HINDI/ ENGLISH,0,,,,,,,
203,K.K. MEDIA PRODUCTION PVT.LTD.,TOP(EARLIER: OM BANGLA ),"BENGALI,HINDI,ENGLISH AND ALL OTHER INDIAN SCHEDULE LANGUAGE",0,,,,,,,
204,KALAIGNAR TV PRIVATE LIMITED,KALAIGNAR CHITHIRAM,TAMIL,0,,,,,,,
205,KALAIGNAR TV PRIVATE LIMITED,KALAIGNAR ISAI ARUVI,TAMIL,0,,,,,,,
206,KALAIGNAR TV PRIVATE LIMITED,KALAIGNAR MURASU,TAMIL,0,,,,,,,
207,KALAIGNAR TV PRIVATE LIMITED,KALAIGNAR SEITHIGAL,TAMIL,0,,,,,,,
208,KALAIGNAR TV PRIVATE LIMITED,KALAIGNAR SIRIPPOLI,TAMIL,0,,,,,,,
209,KALAIGNAR TV PRIVATE LIMITED,KALAIGNAR TV,TAMIL,0,,,,,,,
210,Kalinga Media & Entertainment Pvt. Ltd.,Kalinga TV,"Hindi, English, Oriya and all other schedule Indian language",0,,,,,,,
211,KAMADHENU TELEFILMS PRIVATE LIMITED,"Ayush TV (earlier AYURVEDA TV, SREE TV)","HINDI, TELUGU, KANNADA, TAMIL, MALYALAM, ENGLISH",0,,,,,,,
212,KAMADHENU TELEFILMS PRIVATE LIMITED,SRI SANKARA,HINDI/ TELUGU/ KANNADA/ TAMIL/ MALAYALAM/ ENGLISH,0,,,,,,,
213,KAMYAB TELEVISION PRIVATE LIMITED,ODISHA TIME (earlier KAMYAB TV),ORIYA,0,,,,,,,
214,KASHISH DEVELOPERS LTD.,KASHISH NEWS,"HINDI, ENGLISH AND ALL OTHER INDIAN SCHEDULE LANGUAGES.",0,,,,,,,
215,KASTHURI MEDIAS PRIVATE LIMITED,Kasthuri,KANNADA,0,,,,,,,
216,KASTHURI MEDIAS PRIVATE LIMITED,Kasthuri News 24,KANNADA,0,,,,,,,
217,KCB Builders & Developers Pvt Ltd,Sarthi,"English Hindi, Punjabi & All India Languages",0,,,,,,,
218,KDM MEDIA PRIVATE LIMITED,I PLUS TV (Earlier SHAKTI TV),HINDI/ PUNJABI/ ENGLISH,0,,,,,,,
219,kerala communications cable ltd.,Kerala Vision,"Malayalam, english, punjabi, fall scheduled indian Lanuguage",0,,,,,,,
220,KERELA KAUMUDI PVT LTD,KAUMUDY,MALAYALAM,0,,,,,,,
221,KHUSBOO MULTIMEDIA PVT. LTD.,KHUSBOO BANGLA,"HINDI, ORIYA, ENGLISH, BENGALI",0,,,,,,,
222,KRISHNA SHOWBIZ SERVICES PVT. LTD.,DILLAGIII,HINDI,0,,,,,,,
223,KRISHNA SHOWBIZ SERVICES PVT. LTD.,MAUJA MOSTII,HINDI,0,,,,,,,
224,KRISHNA SHOWBIZ SERVICES PVT. LTD.,TAK DHINA DIN,HINDI,0,,,,,,,
225,Lakshmi Gold Khazaanaa Pvt. Ltd.,TV1 News 24*7,"Kannada, English, Hindi, Punjabi and All Indian Language",0,,,,,,,
226,LAMHAS SATELLITE SERVICES LIMITED,RUSSIA TODAY,ENGLISH,0,,,,,,,
227,Landmark Apartment Pvt. Ltd.,Hindi Khabar (Earlier I-Witness),Hindi Language,0,,,,,,,
228,Landmark Infonet Pvt. Ltd.,Ok India (earlier known as L-TV),Hindi Language,0,,,,,,,
229,LIVE NEWS INDIA NETWORK PVT LTD,Lotus News (Earlier known as NATION NEWS),"HINDI, ENGLISH AND ALL OTHER INDIAN SCHEDULE LANGUAGES",0,,,,,,,
230,Live Today TV & Web Private Ltd,AM News-Spandan Maharashtrache,"Marathi, English, Hindi and all Indian Scheduled Languages",0,,,,,,,
231,M.H. ONE TV NETWORK LIMITED,MH 1,HINDI,0,,,,,,,
232,M.H. ONE TV NETWORK LIMITED,MH ONE NEWS,HINDI,0,,,,,,,
233,M.H. ONE TV NETWORK LIMITED,MH ONE SHRADDHA,HINDI,0,,,,,,,
234,MADHA MEDIA RENAISSANCE PVT. LTD,Madha TV (earlier KRISHANA TV),TAMIL & ENGLISH,0,,,,,,,
235,MADHYAMAM BROADCASTING LTD,MEDIA ONE TV,MALAYALAM/ ENGLISH,0,,,,,,,
236,MADURAI KRISHNA NETWORK PVT. LTD.,MK Six,All Indian Languages,0,,,,,,,
237,MADURAI KRISHNA NETWORK PVT. LTD.,MK TELEVISION,TAMIL,0,,,,,,,
238,MADURAI KRISHNA NETWORK PVT. LTD.,MK Tunes,All Indian Languages,0,,,,,,,
239,MAKKAL THOLAI THODARPU KUZHUMAM LIMITED,MAKKAL TV,TAMIL & ENGLISH,0,,,,,,,
240,MALAYALAM COMMUNICATIONS LIMITED,KAIRALI,MALAYALAM,0,,,,,,,
241,MALAYALAM COMMUNICATIONS LIMITED,Kairali News,MALAYALAM,0,,,,,,,
242,MALAYALAM COMMUNICATIONS LIMITED,WE,MALAYALAM,0,,,,,,,
243,Mass Telecasting pvt. Ltd.,MUBU TV (EARLIER MT),"English, hindi, punjabi, & all indian reginal language",0,,,,,,,
244,MAYAJAAL ENTERTAINMENT LIMITED,VAANAVIL TV (Earlier SPLASH TV),ENGLISH/ ALL INDIAN LANGUAGES,0,,,,,,,
245,MCN INTERNATIONAL INDIA PVT LTD.,CHANNEL NEWS ASIA INTERNATIONAL,ENGLISH,0,,,,,,,
246,MEDIA GURU BROADCAST PVT LTD,ANANDAM (EARLIER :MY TV(MDP TV) ),HINDI AND ALL OTHER INDIAN SCHEDULE LANGUAGES,0,,,,,,,
247,MEDIA GURU BROADCAST PVT LTD,EDU TV,"ENGLISH, HINDI AND ALL OTHER INDIAN SCHEDULE LANGUAGES.",0,,,,,,,
248,MEDIA GURU NEWS PVT. LTD.,News 11 Bharart,"HINDI, ENGLISH AND ALL OTHER INDIAN SCHEDULE LANGUAGE",0,,,,,,,
249,MEDIA NETWORK BROADCASTING PVT LTD,HOLIDAYZ,"HINDI, ENGLISH & ALL OTHER INDIAN LANGUAGES",0,,,,,,,
250,MEDIA NETWORK BROADCASTING PVT LTD,MTUNES+,"HINDI, ENGLISH & ALL OTHER INDIAN LANGUAGES",0,,,,,,,
251,MEDIA NETWORK BROADCASTING PVT LTD,WOW,"HINDI, ENGLISH & ALL OTHER INDIAN LANGUAGES",0,,,,,,,
252,MEDIA WORLDWIDE LIMITED,SANGEET BHOJPURI,MULTILINGUAL,0,,,,,,,
253,MEDIA WORLDWIDE LIMITED,SANGEET MARATHI,HINDI/ENGLISH/ MARATHI,0,,,,,,,
254,MEDIA WORLDWIDE LIMITED,BANGLA TALKIES,"BENGALI, HINID, ENGLISH AND MULTILINGUAL",0,,,,,,,
255,MEDIA WORLDWIDE LIMITED,MUSIC INDIA,HINDI,0,,,,,,,
256,MEDIA WORLDWIDE LIMITED,SANGEET BANGLA,BENGALI,0,,,,,,,
257,MEDIA WORLDWIDE LIMITED,Hi-Dost!,"BENGALI, HINID, ENGLISH AND MULTILINGUAL",0,,,,,,,
258,Meenakshi Networks Pvt. Ltd.,Meenakshi TV,Tamil Langauge,0,,,,,,,
259,METRONATION CHENNAI TELEVISION PVT LTD,THANTHI TV (earlier NDTV HINDU CHENNAI),ENGLISH,0,,,,,,,
260,METRONATION CHENNAI TELEVISION PVT LTD,Malar TV,"Tamil, English & all scheduled Indian languages",0,,,,,,,
261,MGK PRINTING WORKS PVT LTD,"AAHO MUSIC (earlier known as Vaa Movies Hindi, NAAPTOL HD before that ALL TIME)","ENGLISH, HINDI, PUNJABI & ALL INDIA REGIONAL LANGUAGES",0,,,,,,,
262,MGK PRINTING WORKS PVT LTD,MGK NAAPTOL TAMIL (Earlier MGK),"HINDI, ENGLISH, PUNJABI AND ALL OTHER INDIAN LANGUAGES",0,,,,,,,
263,MGK PRINTING WORKS PVT LTD,NAAPTOL BANGLA (Earlier MGK STAR),"English, Hindi, Punjabi and all Indian language",0,,,,,,,
264,MGK PRINTING WORKS PVT LTD,NAAPTOL BLUE (Earlier Blue),"English, Hindi, Punjabi & all indian Languages",0,,,,,,,
265,MGM PROGRAMMING SERVICES INDIA PVT. LTD.,THE MGM,ENGLISH,0,,,,,,,
266,Mi Marathi Media Ltd,MI MARATHI,MARATHI,0,,,,,,,
267,MITCON INFRASPROJECT PRIVATE LIMITED,Power TV,ENGLISH/HINDI AND ALL OTHER REGIONAL LANGUAGES,0,,,,,,,
268,MITCON INFRASPROJECT PRIVATE LIMITED,KHUSHI,ENGLISH/HINDI AND ALL OTHER REGIONAL LANGUAGES,0,,,,,,,
269,MM TV LIMITED,MANORAMA NEWS CENTRAL,MALAYALAM,0,,,,,,,
270,MM TV LIMITED,MANORAMA NEWS NORTH,MALAYALAM,0,,,,,,,
271,MM TV LIMITED,MAZHAVIL MANORAMA (MANORAMA VISION),MALAYALAM,0,,,,,,,
272,MM TV LIMITED,MAZHAVIL MANORAMA HD (Earlier MANORAMA NEWS SOUTH),MALAYALAM,0,,,,,,,
273,MM TV LIMITED,MAZHAVIL MANORAMA INTERNATIONAL (earlier MANORAMA NEWS INTERNATIONAL),MALAYALAM,0,,,,,,,
274,MONICA BROADCASTING PRIVATE LIMITED,MAHAA NEWS (MAHAA TV),"TELUGU, HINDI & OTHER REGIONAL LANGUAGES",0,,,,,,,
275,MONICA BROADCASTING PRIVATE LIMITED,MANTAVYA NEWS (Earlier XTRA ),TELUGU,0,,,,,,,
276,MOON VISION PRIVATE LIMITED,MOON TV,TAMIL AND ENGLISH,0,,,,,,,
277,Movements Digital India Pvt. Ltd.,TUNES 6 MUSIC,"HINDI, TAMIL, ENGLISH,MALAYALAM, KANNADA, TELUGU AND ALL INDIAN LANGUAGES",0,,,,,,,
278,MPCR BROADCASTING SERVICE PRIVATE LIMITED,Maiboli (earlier DHAMAKAA /APNA TV),HINDI,0,,,,,,,
279,MUKUNDHAA NETWORK PRIVATE LIMITED,THENDREL TV,TAMIL,0,,,,,,,
280,Munny Entertainments Pvt Ltd.,Mahavira TV Channel-Jinvani Darshan,"PUNJABII, HINDI, ENGLISH, ALL OTHER INDAIN LANGUAGES",0,,,,,,,
281,Munny Entertainments Pvt Ltd.,"True Sports(earlier MANGAL KALASH, Oye Music)","PUNJABII, HINDI, ENGLISH, ALL OTHER INDAIN LANGUAGES",0,,,,,,,
282,N K MEDIA VENTURES PVT LTD,NAXATRA NEWS JHARKHAND BIHAR (NAXTRA BARNALII),BENGALI,0,,,,,,,
283,N K MEDIA VENTURES PVT LTD,NAXATRA TV,ORIYA,0,,,,,,,
284,N&D COMMUNICATIONS PVT. LTD.,PEPPERS,"ENGLISH, TAMIL, MALAYALAM, KANNADA, TELUGU AND OTHER INDIAN SCHEDULED LANGUAGES",0,,,,,,,
285,NAMAN BROADCASTING AND TELECOMMUNICATIONS PVT. LTD.,"Live Today-Tez Najar Sahi Khabar (Earlier SADHANA NEWS, SADHANA ARYAN NEWS, 24X7 BTV NEWS , Prabhatam LIFELINE)","Hindi, English as well as few Regional Languages",0,,,,,,,
286,NAMAN BROADCASTING AND TELECOMMUNICATIONS PVT. LTD.,Sadhna Bangla (earlier ISHWAR),"Hindi, English and All Others Indian Languages",0,,,,,,,
287,NAMAN BROADCASTING AND TELECOMMUNICATIONS PVT. LTD.,VIP News (Earlier known as Prabhatam HSB),"Hindi, English as well as few Regional Languages",0,,,,,,,
288,NARNE NETWORKS PRIVATE LIMITED,STUDIO N NEWS (Earlier STUDIO N),TELUGU/ HINDI/ ENGLISH,0,,,,,,,
289,NEESA TECHNOLOGIES PVT.LTD.,JANO DUNIYA,HINDI & ENGLISH,0,,,,,,,
290,NEO SPORTS BROADCAST PRIVATE LIMITED,NEO PRIME (earlier NEO CRICKET ),HINDI/ ENGLISH,0,,,,,,,
291,NEO SPORTS BROADCAST PRIVATE LIMITED,NEO SPORTS,HINDI/ ENGLISH/ REGIONAL LANGUAGES,0,,,,,,,
292,NEO TELEVISION LIMITED,SAAM TV,"English, Hindi & All Other Regional Langauges",0,,,,,,,
293,NEON SOLUTION PVT. LTD,FTV.COM INDIA,ENGLISH,0,,,,,,,
294,NEW ERA MEDIA CORPORATION CHENNAI PRIVATE LTD,Puthu Yugam (earlier KALAI SARAL),ALL INDIAN LANGUAGES,0,,,,,,,
295,NEW GENERATION MEDIA CORPORATION PVT LTD,PUTHIYA THAILAIMURAI,TAMIL/ ENGLISH/ OTHER SOUTH INDIAN LANGUAGES,0,,,,,,,
296,News 24 Broadcast India Ltd,"JK 24*7 (Earlier JK CHANNEL , AAPNO 24 (BIZ 24)",HINDI,0,,,,,,,
297,News 24 Broadcast India Ltd,NEWS24 THINK FIRST,HINDI,0,,,,,,,
298,News Nation Network Pvt. Ltd,"NEWS NATION (Earlier NATION TODAY, TULIP NEWS)",ALL INDIAN LANGUAGES,0,,,,,,,
299,News Nation Network Pvt. Ltd,NEWS STATE UTTARAKHAND/UTTAR PRADESH (Earlier UPASANA),ALL INDIAN LANGUAGES,0,,,,,,,
300,News Nation Network Pvt. Ltd,News State Madhya Pradesh/Chhatttisgarh,HINDI,0,,,,,,,
301,News Nation Network Pvt. Ltd,News State Bihar/Jharkhand,All Indian Languages,0,,,,,,,
302,News Nation Network Pvt. Ltd,News State Maharashtra/Goa,All Indian Languages,0,,,,,,,
303,News Nation Network Pvt. Ltd,News State Rajasthan,All Indian Languages,0,,,,,,,
304,NEWSPLUS TELEVISION PRIVATE LIMITED,News Plus,"Tamil, English & all other Indian scheduled languages",0,,,,,,,
305,Nexgen Telelinks Pvt. Ltd,Fateh TV,HINDI,0,,,,,,,
306,NOIDA SOFTWARE TECHNOLOGY PARK LTD.,HOPE TV,"ENGLISH, TAMIL, HINDI, TELUGU, MALAYALAM AND KANNADA",0,,,,,,,
307,NOIDA SOFTWARE TECHNOLOGY PARK LTD.,NHK WORLD TV,ENGLISH/ JAPANESE,0,,,,,,,
308,Nomad Films Ltd.,Green TV,"Hindi, English as well as few Regional Languages",0,,,,,,,
309,ODISHA TELEVISION LIMITED,O TV,ENGLISH / REGIONAL LANGUAGES,0,,,,,,,
310,OMEGA BROADCAST PVT LTD,ANB News,"HINDI, ENGLISH AND ALL OTHER INDIAN SCHEDULE LANGUAGE",0,,,,,,,
311,OMEGA BROADCAST PVT LTD,Sarv Dharm Sangam (Earlier known as 4 Real Entertainment),"Hindi, English and ALL Other Indian Languages",0,,,,,,,
312,OMEGA TV MEDIA PVT LTD,News India 24x7 (earlier UK NEWS),"HINDI, ENGLISH AND ALL OTHER INDIAN SCHEDULE LANGUAGE",0,,,,,,,
313,ONKAR ENTERTAINMENT PRIVATE LIMITED,ONKAR ONLY TRUTH,BENGALI/ HINDI/ ENGLISH/ ALL OTHER INDIAN SCHEDULES LANGUAGES,0,,,,,,,
314,OPPORTUNITY MEDIA PRIVATE LIMITED,A TV,ENGLISH,0,,,,,,,
315,OSCAR MEDIA PRIVATE LIMITED,Oscar Movies Bhojpuri (earlier MARATHI MUSIC),HINDI/ BHOJPURI/ ENGLISH/ MARATHI,0,,,,,,,
316,Page 3 Entertainment India Pvt. Ltd.,Power of God TV (Earlier known as Page 3),BANGLA,0,,,,,,,
317,PAL NEWS MEDIA PRIVATE LIMITED,CHANNEL NO.1,PUNJABI/ HINDI/ ENGLISH,0,,,,,,,
318,PALM BROADCASTING PRIVATE LIMITED,PRARTHANA BHAWAN TV (GATHA TV),ALL INDIAN LANGUAGES,0,,,,,,,
319,PARSHAVNATH MEDIA PVT. LTD.,JAI PARAS TV,ALL INDIAN LANGUAGES,0,,,,,,,
320,Paul E Commerce Pvt. Ltd.,PITAARA,All Indian languages,0,,,,,,,
321,PAUL ENTERTAINMENT PRIVATE LIMITED,9X TASHAN ,PANJABI,0,,,,,,,
322,PERFECT-OCTAVE MEDIA PROJECTS LIMITED,IN- SYNC,HINDI AND ENGLISH,0,,,,,,,
323,PIGEON INFORMATION TECHNOLOGY PRIVATE LIMITED,MOJO TV (earlier K News 24*7 (earlier NEWS & VIEWS ),ALL INDIAN LANGUAGES,0,,,,,,,
324,PINKCITY JEWEL HOUSE PVT. LTD.,INDOLOGY,HINDI /ENGLISH AND OTHER REGIONAL LANGUAGES,0,,,,,,,
325,PLANET E-SHOP HOLDINGS INDIA LIMITED,ARIRANG TV,ENGLISH,0,,,,,,,
326,PLANETCAST MEDIA SERVICES LTD,CGTN (Earlier CCTV NEWS),ENGLISH,0,,,,,,,
327,POLIMER MEDIA PRIVATE LIMITED,News J (earlier Polimer Kannada),KANNADA,0,,,,,,,
328,POLIMER MEDIA PRIVATE LIMITED,POLIMER,TAMIL,0,,,,,,,
329,POLIMER MEDIA PRIVATE LIMITED,POLIMER NEWS,TAMIL,0,,,,,,,
330,POLIMER MEDIA PRIVATE LIMITED,Sahana,Tamil,0,,,,,,,
331,PRABHATAM ADVERTISING PVT LTD,B News (earlier PRABHATAM NEWS MAHARASHTRA),HINDI/ ENGLISH/ AND OTHER INDIAN SCHEDULE LANGUAGE,0,,,,,,,
332,PRABHATAM ADVERTISING PVT LTD,JIA News (earlier PRABHATAM NEWS GUJARAT),GUJARATI/ ENGLISH/ AND OTHER INDIAN SCHEDULE LANGUAGE,0,,,,,,,
333,PRABHATAM ADVERTISING PVT LTD,PRAJAA KANNADA TV (Earlier PRABHATAM NEWS RAJASTHAN),HINDI/ ENGLISH/ AND OTHER INDIAN SCHEDULE LANGUAGE,0,,,,,,,
334,PRABHATAM ADVERTISING PVT LTD,The Nation Plus,PUNJABI/ ENGLISH/ AND OTHER INDIAN SCHEDULE LANGUAGE,0,,,,,,,
335,PRABHATAM ADVERTISING PVT LTD,Sadhna Bhakti,HINDI/ ENGLISH/ AND OTHER INDIAN SCHEDULE LANGUAGE,0,,,,,,,
336,PRIDE EAST ENTERTAINMENTS PRIVATE LIMITED,INDRADHANU,"HINDI, ENGLISH AND OTHER INDIA LANGUAGES",0,,,,,,,
337,PRIDE EAST ENTERTAINMENTS PRIVATE LIMITED,NEWS LIVE,ENGLISH/ HINDI/ NORTH EASTERN LANGUAGES,0,,,,,,,
338,PRIDE EAST ENTERTAINMENTS PRIVATE LIMITED,NEWS LIVE ODISHA (NOURTH EAST LIVE),"HINDI, ENGLISH AND OTHER INDIA LANGUAGES",0,,,,,,,
339,PRIDE EAST ENTERTAINMENTS PRIVATE LIMITED,RAMDHENU,"ASSAMASEME, HINDI, ENGLISH AND BENGALI",0,,,,,,,
340,PRIDE EAST ENTERTAINMENTS PRIVATE LIMITED,RANG,HINDI/ ENGLISH/ ASSAMI,0,,,,,,,
341,PRIYAMDA MEDIA & INFOTAINMENT PRIVATE LIMITED,FRONTIER TV,HINDI,0,,,,,,,
342,RACHANA TELEVISION PRIVATE LIMITED,BHAKTHI,TELUGU,0,,,,,,,
343,RACHANA TELEVISION PRIVATE LIMITED,N TV,TELUGU,0,,,,,,,
344,RACHANA TELEVISION PRIVATE LIMITED,VANITHA TV,TELUGU,0,,,,,,,
345,RAFTAAR MEDIA PRIVATE LIMITED,RAFTAAR MEDIA,HINDI ENGLISH AND ALL INDIAN SCHEDULED LANGUAGES,0,,,,,,,
346,RAHUL SPRINGS PVT LTD,R PLUS,BANGLA,0,,,,,,,
347,RAHUL SPRINGS PVT LTD,R PLUS GOLD (earlier R PLUS NEWS),BANGLA,0,,,,,,,
348,RAJ TELEVISION NETWORK LIMITED,RAJ MUSIX MALAYALAM,MALAYALAM,0,,,,,,,
349,RAJ TELEVISION NETWORK LIMITED,RAJ MUSIX TELUGU,TELUGU,0,,,,,,,
350,RAJ TELEVISION NETWORK LIMITED,RAJ NEWS KANNADA,TAMIL,0,,,,,,,
351,RAJ TELEVISION NETWORK LIMITED,RAJ NEWS MALAYALAM,MALAYALAM,0,,,,,,,
352,RAJ TELEVISION NETWORK LIMITED,RAJ NEWS TELUGU,TAMIL,0,,,,,,,
353,RAJ TELEVISION NETWORK LIMITED,RAJ PARIWAR,TELUGU,0,,,,,,,
354,RAJ TELEVISION NETWORK LIMITED,Raj Musix Kannada,KANNADA,0,,,,,,,
355,RAJ TELEVISION NETWORK LIMITED,Vissa TV,Telugu,0,,,,,,,
356,Rajasthan Patrika Pvt. Ltd.,Patrika TV Rajasthan,Hindi & English and All Other Languages,0,,,,,,,
357,RKM NEWS AND ENTERTAINMENT CHANNEL PVT LTD,TUNES 6 (earlier RKM GOLD NEC PULSE),HINDI/ PUNJABI/ ENNGLISH/ ALL OTHER INDIAN SCHEDULE LANGUAGES,0,,,,,,,
358,ROCKLAND MEDIA AND COMMUNICATION PRIVATE LIMITED,ASSAM TALKS (Earlier PRIME NEWS (ARYAN TV),HINDI/ ENGLISH/ ALL OTHER SCHEDULED LANGUAGES,0,,,,,,,
359,ROYALRAJ MEDIA PRIVATE LIMITED,MUSIC F (earlier M3M music..movie..masti / VARDAAN),"HINDI, ENGLISH AND ALL OTHER INDIAN SCHEDULE LANGUAGES",0,,,,,,,
360,RP TECHVISION INDIA PRIVATE LIMITED,KOLKATTA 24*7,BANGLA/HINDI/ENGLISH/NORTHEAST,0,,,,,,,
361,R-VISION INDIA PVT. LTD.,R VISION,ALL INDIAN LANGUAGE,0,,,,,,,
362,RVS NETWORK INDIA LIMITED,RVS CHANNEL,TELUGU,0,,,,,,,
363,S.B.MULTIMEDIA PVT. LTD.,IBC 24 (earlier ZEE 24 GHANTE-CHATTISGARH),HINDI,0,,,,,,,
364,S.D.BANSAL IRON AND STEEL PVT. LTD.,BANSAL NEWS,HINDI/ ENGLISH,0,,,,,,,
365,SAB GLOBAL ENTERTAINMENT MEDIA PVT. LTD.,DHAMMAL GUJJUU,GUJARATI,0,,,,,,,
366,SAB GLOBAL ENTERTAINMENT MEDIA PVT. LTD.,Seven (earlier SEVEN SISTERS RAINBOW),ALL LANGUAGES,0,,,,,,,
367,SADHNA MEDIA NETWORK PVT. LTD.,SADHNA PRIME NEWS (EARLIER: POSITIVE HEALTH),"HINDI, ENGLISH AND INDIAN SCHEDULED LANGUAGE",0,,,,,,,
368,SADHNA MEDIA NETWORK PVT. LTD.,Aryan TV National (earlier SADHNA ORISSA),HINDI,0,,,,,,,
369,SADHNA MEDIA NETWORK PVT. LTD.,Bhojpuri Dhamaka Dishum (earlier MAX VISION [CHITRA (EARLIER SADHNA)],HINDI,0,,,,,,,
370,SAFARI MULTIMEDIA PVT. LTD,SAFARI,MULTILINGUAL,0,,,,,,,
371,SAHANA FILMS PRIVATE LIMITED,JAI MAHARASHTRA,MARATHI/ ENGLISH / AND ALL OTHER INDIAN SCHEDULED LANGUAGES,0,,,,,,,
372,SAHANA FILMS PRIVATE LIMITED,SAHANA NEWS,ENGLISH/ HINDI,0,,,,,,,
373,Sahara India Commercial Corporation Ltd.,AALAMI SAHARA,HINDI,0,,,,,,,
374,Sahara India Commercial Corporation Ltd.,SAHARA FILMY,HINDI,0,,,,,,,
375,Sahara India Commercial Corporation Ltd.,SAHARA FIRANGI,HINDI,0,,,,,,,
376,Sahara India Commercial Corporation Ltd.,SAHARA ONE,HINDI/ENGLISH,0,,,,,,,
377,Sahara India Commercial Corporation Ltd.,SAHARA SAMAY BIHAR,HINDI,0,,,,,,,
378,Sahara India Commercial Corporation Ltd.,SAHARA SAMAY MP,HINDI,0,,,,,,,
379,Sahara India Commercial Corporation Ltd.,SAHARA SAMAY MUMBAI,HINDI,0,,,,,,,
380,Sahara India Commercial Corporation Ltd.,SAHARA SAMAY NCR,HINDI,0,,,,,,,
381,Sahara India Commercial Corporation Ltd.,SAHARA SAMAY UP,HINDI,0,,,,,,,
382,Sahara India Commercial Corporation Ltd.,SAMAY,HINDI,0,,,,,,,
383,Sai Babha Network Pvt. Ltd,Sai TV,"Tamil Malayalam, Telugu, Kannada, Hindi and English",0,,,,,,,
384,SAIRAM MEDIA NETWORK PVT. LTD.,SAIRAM TV,ALL INDIAN LANGUAGE,0,,,,,,,
385,SANATAN INDIA NETWORKING PRIVATE LIMITED,SANATAN TV,HINDI/ ENGLISH AND ALL INDIAN SCHEDULED LANGUAGES,0,,,,,,,
386,SANGEET AUDIO INDIA PRIVATE LIMITED,Jan-Tantra TV (earlier A1 TEHELKA HIMACHAL-HARYANA (Earlier known as HINDUSTAN LIVE /NEWS 17),"HINDI, ENGLISH AND ALL OTHER INDIAN SCHEDULE LANGUAGES",0,,,,,,,
387,Sangeet Television Network Pvt. Ltd.,Bhaktisagar2 (Initially granted as Hastey Raho then changed to iConcerts),"Hindi, English and all other Indian Schedule Languages",0,,,,,,,
388,SANSKAR INFO TV PRIVATE LIMITED,Sanskar (Initially known as Sanskar then changed to Sanskar HD),HINDI,0,,,,,,,
389,SANSKAR INFO TV PRIVATE LIMITED,Satsang (earlier SANSKAR SATSANG (EARLIER: SATSANG),HINDI,0,,,,,,,
390,Satcom Media Broadcast Pvt. Ltd,BALLE BALLE Non Stop Music (earlier Andy Haryana),"Hindi, English and all India Languages",0,,,,,,,
391,SATHIYAM MEDIA VISION PRIVATE LIMITED,SATHIYAM,TAMIL/ ENGLISH/ ALL OTHER INDIAN SCHEDULE LANGUAGES,0,,,,,,,
392,SATHYA DHARA COMMUNICATION PVT LTD,DARSHANA,MALAYALAM,0,,,,,,,
393,SAURABH INTERNATIONAL PRIVATE LIMITED,I NEWS,TELUGU/ ENGLISH/ HINDI/ AND NORTH INDIAN REGIONAL LANGUAGES,0,,,,,,,
394,SCAN MEDIA PVT.LTD.,National Voice Uttarpradesh/Uttrakhand (earlier SHALINI TV /GURU DIKSHA NEWS/ VEDA TV),ALL INDIAN LANGUAGES,0,,,,,,,
395,SEA TV NETWORK LIMITED,JINVANI,HINDI/ ENGLISH,0,,,,,,,
396,SEA TV NETWORK LIMITED,Non-Stop Samachar India (Initially Sea News then changed to Sea News Uttar Pradesh & Uttrakhand,HINDI/ ENGLISH/ ALL OTHER INDIAN LANGUAGE,0,,,,,,,
397,SEE MEDIA SERVICES PVT LTD,Swaraj Express SMBC (earlier SMBC Insight (earlier VOICE OF CENTRAL INDIA VOICE),"HINDI, ENGLISH AND ALL OTHER INDIAN SCHEDULE LANGUAGE",0,,,,,,,
398,SENTINEL BROADCASTING PVT LTD,India Voice (Earlier SENTINEL NEWS),ENGLISH/ HINDI/ ASSAMESE/ BENGALI/ KHASI/ BODO/ MANIPURI/ NAGAMIS,0,,,,,,,
399,SEVEN STAR SATELLITE PRIVATE LIMITED,CARE WORLD,HINDI,0,,,,,,,
400,SHALOM COMMUNICATIONS LIMITED,SHALOM TELEVISION,"MALAYALAM, English and All Indian Langauges",0,,,,,,,
401,SHARP EYE ADVERTISING PRIVATE LIMITED,MAHARASHTRA 1 (Earlier SADHANA NEWS-UTTARAKHAND/HIMACHAL PRADESH),HINDI,0,,,,,,,
402,SHARP EYE ADVERTISING PRIVATE LIMITED,SADHNA PLUS NEWS (Earlier SADHANA MADHYA PRADESH),HINDI,0,,,,,,,
403,SHARP EYE ADVERTISING PRIVATE LIMITED,Sadhna National (R.K. NEWS/KATYAYANI),HINDI,0,,,,,,,
404,SHARP EYE ADVERTISING PRIVATE LIMITED,Sadhna News Madhya Pradesh/ Chhatisgarh/ Rajasthan ( earlier SADHNA NEWS BIHAR ),HINDI,0,,,,,,,
405,Shop CJ Network Pvt. Ltd,"SHOP CJ (Earlier Shop CJ alive, STAR/CJ ALIVE )",ENGLISH/ HINDI/ OTHER REGIONAL LANGUAGES,0,,,,,,,
406,Shopping Zone India TV Pvt. Ltd,Nireekshana TV,Select Language,0,,,,,,,
407,Shopping Zone India TV Pvt. Ltd,Shop 5,"Tamil, Telugu, Kannada, Malayalam and all Indian Scheduled languages",0,,,,,,,
408,Shreya Broadcasting Pvt. Ltd,Hindu Dharmam,TELUGU,0,,,,,,,
409,Shreya Broadcasting Pvt. Ltd,TV 5 Kannada,Kannada,0,,,,,,,
410,Shreya Broadcasting Pvt. Ltd,TV 5 NEWS,ENGLISH/ TELUGU,0,,,,,,,
411,Shreyarth Aaspas Ltd,GSTV (Earier AASPAS TV),GUJARATI/ MARATHI/ HINDI/ ENGLISH/ ALL OTHER INDIAN SCHEDULE LANGUGES,0,,,,,,,
412,SHUBH MEDIA PVT. LTD.,SHUBH TV,"Hindi, English, all other Indian Schedule language",0,,,,,,,
413,SHUBH MEDIA PVT. LTD.,Shubh Cinema,"Hindi, English and other scheduled indian languages",0,,,,,,,
414,SIGNET COMMUNICATIONS PRIVATE LIMITED,"AP 24x7 (earlier AP Times the News HQ, KHOJ INDIA )",ALL INDIAN LANGUAGE,0,,,,,,,
415,SKY B (BANGLA) PRIVATE LTD,AKASH B,BENGALI,0,,,,,,,
416,SKY NEWS MEDIA PRIVATE LIMITED,99 Percent (earlier CHANNEL NO.3),TELUGU,0,,,,,,,
417,Sky Star Entertainment Private Limited,Skystar Movies (earlier Sky Star),"Hindi, English, All India Scheduled Languages and world Language",0,,,,,,,
418,Sky Star Entertainment Private Limited,ABZY COOL (earlier known as Skystar Bangla),"Hindi, English, All India Scheduled Languages and world Language",0,,,,,,,
419,Sky Star Entertainment Private Limited,ABZY DHAKAD (earlier known as Skystar Telugu),"Hindi, English, All India Scheduled Languages and world Language",0,,,,,,,
420,SNEH BROADCASTING NETWORKS PRIVATE LIMITED,Adhyatm (earlier ADHYATM BHAKTI),"HINDI, ENGLISH AND ALL OTHER INDIAN SCHEDULE LANGUAGES",0,,,,,,,
421,SOBHAGAYA MEDIA PRIVATE LIMITED,APN (Axis Press Network ) [Earlier known as SOBHAGYA MITHILA/ SOBHAGYA TV],HINDI/ ENGLISH/ NORTH INDIAN LANGUAGES,0,,,,,,,
422,SOFIYA ENTERTAINMENT PRIVATE LIMITED,MKN,HINDI/ MARATHI,0,,,,,,,
423,Soft Tele Network Pvt Ltd.,Bangla Time (earlier known as Khabar Tej),"Hindi, English, All Indian Languages",0,,,,,,,
424,SOFTLINE CREATION PRIVATE LIMITED,MR TV,HINDI,0,,,,,,,
425,Sony Pictures Networks India Private Limited,TEN 4 (earlier name Le Plex HD),ENGLISH/ HINDI/ AND OTHER INDIAN LANGUAGES,0,,,,,,,
426,Sony Pictures Networks India Private Limited,TEN 4 HD (earlier name Sony Rox HD),"HINDI, ENGLISH AND OTHER INDIA LANGUAGES",0,,,,,,,
427,Sony Pictures Networks India Private Limited,TEN GOLF HD (earlier TEN GOLF),HINDI AND ENGLISH (MULTILINGUAL),0,,,,,,,
428,SOUND TELENETWORKS PRIVATE LIMITED,VELICHAM PLUS (Earlier FAST 24*7),"HINDI, ENGLISH AND ALL OTHER INDIAN SCHEDULE LANGUAGE",0,,,,,,,
429,Spoorthi Communication Pvt. Ltd.,10 TV,"Telugu, English, All Indian Languages",0,,,,,,,
430,Squoosh Entertainment Pvt. Ltd.,Dream TV (Earlier Fata Fati),All Indian Languages,0,,,,,,,
431,SRI SAI MEDIA PVT. LTD.,SWADESH NEWS,"HIND, ENGLISH & ALL INDIAN SCHEDULED LANGUAGE",0,,,,,,,
432,SRI VENKATESWARA BHAKTI CHANNEL PRIVATE LIMITED,SRI VENKATESWARA,TELUGU/ OTHER LANGUAGES,0,,,,,,,
433,SRI VENKATESWARA BHAKTI CHANNEL PRIVATE LIMITED,SVBC-2,"TELUGU, TAMIL, KANNADA HINDI & ENGLISH",0,,,,,,,
434,SRM INFOTAINMENT MEDIA PVT. LTD.,KALKI KANNADA (EARLIER: KALVI ),ALL INDIAN LANGUAGES,0,,,,,,,
435,SST MEDIA PRIVATE LIMITED,KOLKATTA TV,BANGLA,0,,,,,,,
436,STANDARD CORPORATION INDIA LIMITED,A1TV (EARLIER: STANDARD WORLD ),PUNJABI/ ENGLISH / HINDI,0,,,,,,,
437,STAR INDIA PRIVATE LIMITED,STAR GOLD 2 HD,ENGLISH / HINDI / BENGALI ASSAMESE / GUJARATI / MARATHI / KANNADA / NEPALI,0,,,,,,,
438,STAR INDIA PRIVATE LIMITED,"STAR GOLD 2 (Earlier MOVIES OK, STAR GOLD ACTION , MOVIES OK) (STAR DIAMOND)",HINDI,0,,,,,,,
439,STAR INDIA PRIVATE LIMITED,STAR SPORTS 1 MALAYALAM,ENGLISH HINDI AND ALL OTHER SCHEDULE LANGUAGES,0,,,,,,,
440,SUB NEWS AND BROADCASTING CORPORATION LTD,ROSE TV,"HINDI, ENLISH AND OTHER INDIAN LANGUAGES",0,,,,,,,
441,SUBHARTI MEDIA LIMITED,SUBHARTI,HINDI,0,,,,,,,
442,SUMMA REAL MEDIA PRIVATE LIMITED,NEWS 7 (PRAMEYA NEWS),ODIYA,0,,,,,,,
443,Sunny ENTERTAINMENT HOUSE PRIVATE LIMITED,Naaptol Kannada (earlier Gnext Discovery),"PUNJABII,ENGLISH, ALL OTHER INDAIN LANGUAGES",0,,,,,,,
444,Sunny ENTERTAINMENT HOUSE PRIVATE LIMITED,Shri Navgrah Channel (earlier Harvest TV 24x7 cristian Channel (earlier Gnext),"PUNJABII,ENGLISH, ALL OTHER INDAIN LANGUAGES",0,,,,,,,
445,Surya Processed Food Pvt. Ltd,Surya Bhakti,ENGLISH/HINDI & All Indian Scheduled Languages,0,,,,,,,
446,Surya Processed Food Pvt. Ltd,Surya Sagar Entertainment,ENGLISH/HINDI & All Indian Scheduled Languages,0,,,,,,,
447,Surya Processed Food Pvt. Ltd,Surya Samachar,ENGLISH/HINDI & All Indian Scheduled Languages,0,,,,,,,
448,T. SARKAR PVT. LTD.,ORANGE TV,BANGLA,0,,,,,,,
449,TAAZA INFOTAINMENT PRIVATE LIMITED,TAAZA TV,HINDI,0,,,,,,,
450,TAMILAN KALAI KOODAM PRIVATE LIMITED,TAMILAN TELEVISION,TAMIL,0,,,,,,,
451,TELANGANA BROADCASTING PRIVATE LIMITED,T NEWS,TELUGU,0,,,,,,,
452,TELEONE CONSUMERS PRODUCT PVT. LTD.,"DHANSU (EARLIER MAHA CARTOON TV, EARLIER TELESHOP)","Hindi, English and All Others Indian Languages",0,,,,,,,
453,TELEONE CONSUMERS PRODUCT PVT. LTD.,MAHA MOVIE,"Hindi, English and All Others Indian Schedule Languages",0,,,,,,,
454,TELEONE CONSUMERS PRODUCT PVT. LTD.,T TV,"Hindi, English and All Others Indian Languages",0,,,,,,,
455,THE MATHRUBHUMI PRINTING AND PUBLISHING COMPANY LIMITED,Kappa TV (earlier MATHRUBHUMI NEWS CENTRAL),MALAYALAM,0,,,,,,,
456,THE MATHRUBHUMI PRINTING AND PUBLISHING COMPANY LIMITED,MATHRUBHUMI NEWS,MALAYALAM,0,,,,,,,
457,THE MATHRUBHUMI PRINTING AND PUBLISHING COMPANY LIMITED,MATHRUBHUMI NEWS NORTH,MALAYALAM,0,,,,,,,
458,THE MATHRUBHUMI PRINTING AND PUBLISHING COMPANY LIMITED,MATHRUBHUMI NEWS SOUTH,MALAYALAM,0,,,,,,,
459,THE SANDESH LIMITED,SANDESH NEWS,Gujarati/Hindi/English dialects,0,,,,,,,
460,TIME TODAY MEDIA NETWORK PRIVATE LIMITED,BHARAT SAMACHAR,"HINDI, ENGLISH & ALL OTHER INDIAN SCHEDULE LANGUAGES",0,,,,,,,
461,Total Telefilms Pvt. Ltd,News 1st ,ALL INDIAN SCHEDULED LANGUAGES,0,,,,,,,
462,Total Telefilms Pvt. Ltd,TOTAL TV,HINDI,0,,,,,,,
463,Total Telefilms Pvt. Ltd,Total Haryana,ALL INDIAN SCHEDULED LANGUAGES,0,,,,,,,
464,TOURISM AND TRAVEL MEDIA ENTERTAINMENT PRIVATE LIMITED,Paras Gold (earlier TRAVEL TRENDZ TV ),HINDI,0,,,,,,,
465,TRAC MEDIA PVT LTD,VENDHAR TV (NEWS 4U),ALL INDIAN LANGUAGES,0,,,,,,,
466,TRANSMEDIA SOFTWARE LIMITED,1st India Rajasthan (earlier TRANSMEDIA NEWS),"MARATHI, GUJARATI, HINDI DIALECTS",0,,,,,,,
467,TRANSMEDIA SOFTWARE LIMITED,AAMAR CINEMA (EARLIER TRANSMEDIA GUJARAT),"MARATHI, GUJARATI, HINDI DIALECTS",0,,,,,,,
468,TRANSMEDIA SOFTWARE LIMITED,TRANSMEDIA SOHAM,"MARATHI, GUJARATI, HINDI DIALECTS",0,,,,,,,
469,Turmeric Vision Private Limited,Food Food TV,Hindi,0,,,,,,,
470,Tulasi Broadcasting Network Ltd,TULASI NEWS (earlier TULASI),TELUGU,0,,,,,,,
471,TV 18 BROADCAST LTD.,NEWS18 GOA,ENGLISH/HINDI AND ALL SCHEDULED INDAIN LANGUAGE,0,,,,,,,
472,TV 18 BROADCAST LTD.,NEWS18 J&K,ENGLISH/HINDI AND ALL SCHEDULED INDAIN LANGUAGE,0,,,,,,,
473,TV 18 BROADCAST LTD.,News18 Bharat (earlier NEWS18 PUNJAB),ENGLISH/HINDI AND ALL SCHEDULED INDAIN LANGUAGE,0,,,,,,,
474,TV 18 BROADCAST LTD.,"News18 India (earlier KHABAR 18, Earlier IBN 7 & JTV Channel-7)",HINDI/ENGLISH/INDIAN LANGUAGES,0,,,,,,,
475,TV 18 HOME SHOPPING NETWORK PVT LTD,HomeShop,HINDI AND ENGLISH,0,,,,,,,
476,TV LIVE INDIA PRIVATE LIMITED,NEPAL 1 (EARLIER KNOWN AS TV LIVE),"HINDI, ENGLISH, BHOJPURI & NEPALI",0,,,,,,,
477,TV TODAY NETWORK LIMITED,AAJTAK DESH,"Bengali, English, Gujarati, Hindi, Kannada, Malayalam, Marathi, Oriya, Punjabi, Tamil, Telugu, Urdu",0,,,,,,,
478,TV VISION PVT. LTD.,MASTIII,HINDI,0,,,,,,,
479,TWO STAR MEDIA PVT.LTD.,Sakhi TV (earlier CHANNEL 5),"PUNJABI, HINDI, ENGLISH AND ALL OTHER INDIAN SCHEDULE LANGUAGES",0,,,,,,,
480,UBJ BROADCASTING PRIVATE LIMITED,DHAMAAL,HINDI,0,,,,,,,
481,UNISSION NETWORK MEDIA PVT.LTD.,Tirupathi,HINDI,0,,,,,,,
482,V S BROADCASTING PVT. LT.,OK MUSIC (EARLIER V S ENTERTAINMENT),HINDI & ALL INDIAN SCHEDULED LANGUAGE,0,,,,,,,
483,V S BROADCASTING PVT. LT.,TORAN TV (EARLIER VS TV),HINDI & ALL INDIAN SCHEDULED LANGUAGE,0,,,,,,,
484,VAARTHA BROADCASTING LTD,NO.1 NEWS (EARLIER VAARTHA),TELUGU,0,,,,,,,
485,VALUE VISION BROADCASTING PRIVATE LIMITED,POWER VISION,MALAYALAM/ ENGLISH/ HINDI,0,,,,,,,
486,VARUN MEDIA PRIVATE LIMITED,"BFLIX MOVIES (EARLIER ROYAL TV , GOOD LIFE )",HINDI/ ENLISH/ ALL OTHER INDIAN SCHEDULE LANGUAGES,0,,,,,,,
487,VARUN MEDIA PRIVATE LIMITED,ISHWAR BHAKTI (EARLIER SUKH SAGAR),HINDI/ ENGLISH/ ALL OTHER INDIAN SCHEDULE LANGUAGES,0,,,,,,,
488,VASANTH AND CO MEDIA NETWORK PRIVATE LIMITED,VASANTH,TAMIL,0,,,,,,,
489,VEDIC BROADCASTINGS LIMITED,AASTHA,HINDI,0,,,,,,,
490,VEDIC BROADCASTINGS LIMITED,AASTHA BHAJAN,"HINDI , ENGLISH & ALL INDIAN LANGUAGE",0,,,,,,,
491,VEDIC BROADCASTINGS LIMITED,Aastha Kannada,"HINDI , ENGLISH & ALL INDIAN LANGUAGE",0,,,,,,,
492,VEDIC BROADCASTINGS LIMITED,Aastha Tamil,"HINDI , ENGLISH & ALL INDIAN LANGUAGE",0,,,,,,,
493,VEDIC BROADCASTINGS LIMITED,Aastha Telugu,"HINDI , ENGLISH & ALL INDIAN LANGUAGE",0,,,,,,,
494,VEDIC BROADCASTINGS LIMITED,VEDIC,HINDI/ GUJARATI/ OTHER INDIAN LANGUAGES AND ENGLISH,0,,,,,,,
495,VEECON MEDIA AND BROADCASTING PVT LTD,HTN News,HINDI/ ENGLISH AND ALL OTHER INDIAN SCHEDULE LANGUAGE,0,,,,,,,
496,VEECON MEDIA AND BROADCASTING PVT LTD,KATYAYANI,HINDI/ ENGLISH AND ALL OTHER INDIAN SCHEDULE LANGUAGE,0,,,,,,,
497,VERTENT MEDIA SOFT PRIVATE LIMITED,SHAGUN (EARLIER PRABHAT NEWS UTTRAKHAND),"HINDI, ENGLISH AND ALL OTHER INDIAN SCHEDULE LANGUAGE",0,,,,,,,
498,VIACOM 18 MEDIA PRIVATE LIMITED,MTV INDIES (EARLIER COLORS INTERNATIONAL/ V.18 MOVIES),HINDI/ ENGLISH/ TAMIL/ TELUGU,0,,,,,,,
499,VIACOM 18 MEDIA PRIVATE LIMITED,BDM,HINDI/ ENGLISH/ GUJRATI AND OTHER INDIAN REGIONAL,0,,,,,,,
500,VIACOM 18 MEDIA PRIVATE LIMITED,Connected,HINDI/ ENGLISH/ AND OTHER INDIAN REGIONAL,0,,,,,,,
501,VIACOM 18 MEDIA PRIVATE LIMITED,ECO-LUTION,HINDI/ ENGLISH/ AND OTHER INDIAN REGIONAL,0,,,,,,,
502,VIACOM 18 MEDIA PRIVATE LIMITED,HAWA MAHAL,HINDI/ ENGLISH/ AND OTHER INDIAN REGIONAL,0,,,,,,,
503,VIACOM 18 MEDIA PRIVATE LIMITED,IMIX,HINDI/ ENGLISH/ AND OTHER INDIAN REGIONAL,0,,,,,,,
504,VIACOM 18 MEDIA PRIVATE LIMITED,MY TUBE,HINDI/ ENGLISH/ AND OTHER INDIAN REGIONAL,0,,,,,,,
505,VIACOM 18 MEDIA PRIVATE LIMITED,PICK-A-TRICK,HINDI/ ENGLISH/ AND OTHER INDIAN REGIONAL,0,,,,,,,
506,VIACOM 18 MEDIA PRIVATE LIMITED,STORY CITY,HINDI/ ENGLISH/ AND OTHER INDIAN REGIONAL,0,,,,,,,
507,VIACOM 18 MEDIA PRIVATE LIMITED,TREBLE,HINDI/ ENGLISH/ AND OTHER INDIAN REGIONAL,0,,,,,,,
508,VIKAAS TV ALLIANCE PVT LTD,NIRMANA,HINDI/ ENGLISH/ GUJRATI AND OTHER INDIAN LANGUAGE,0,,,,,,,
509,VIKAAS TV ALLIANCE PVT LTD,VIKAAS TV,GUJARATI/ HINDI/ ENGLISH/ OTHER INDIAN LANGUAGES,0,,,,,,,
510,VIL MEDIA PVT. LTD,V6,TELUGU,0,,,,,,,
511,VINMEHTA FILMS PRIVATE LIMITED,KHABRAIN ABHI TAK(ABHI TAK),HINDI/ DIALECTS,0,,,,,,,
512,VINTAGE STUDIO PVT LTD,FM NEWS (EARLIER LIVING INDIA AYUR LIVING INDIA),HINDI/ ENGLISH,0,,,,,,,
513,VISION CORPORATION LIMITED,"HOUSEFULL MOVIES (EARLIER VISION TV, VISION TV MUSIC)",HINDI/ DIALECTS,0,,,,,,,
514,VISION CORPORATION LIMITED,Movie Plus,Hindi,0,,,,,,,
515,VISION CORPORATION LIMITED,MULTIPLEX (EARLIER VISION TV SHIKSHA),HINDI/ DIALECTS,0,,,,,,,
516,VRL MEDIA LIMITED,DIGHVIJAY TV 24X 7 NEWS (EARLIER DIGHVIJAY TV),HINDI/ ENGLISH /KANNADA/ ALL INDIAN REGIONAL LANGUAGE,0,,,,,,,
517,WIN TV PRIVATE LIMITED,Channel win,"HINDI,ENGLISH & ALL OTHER INDIAN SCHEDULE LANGUAGES",0,,,,,,,
518,WRITEMEN MEDIA PRIVATE LIMITED,Public Movies (earlier Public Comedy),Kannada,0,,,,,,,
519,WRITEMEN MEDIA PRIVATE LIMITED,Public Music,KANNADA,0,,,,,,,
520,WRITEMEN MEDIA PRIVATE LIMITED,Public TV(TOP TV /KARNATAKA NEWS 24X7),KANNADA,0,,,,,,,
521,YASH BROADCASTING INDUSTRIES PRIVATE LIMITED,JANASRI,HINDI/ ENGLISH/ PUNJABI,0,,,,,,,
522,YASH SATELLITE INDUSTRIES PRIVATE LIMITED,Saral Jeevan (earlier GREEN / SAMACHAR 365),HINDI/ ENGLISH/ MARATHI,0,,,,,,,
523,YASH SATELLITE INDUSTRIES PRIVATE LIMITED,"Swaraj Express (Earlier NEWS TIME 24X7, JANSANDESH PLUS, FAST NEWS)",HINDI/ ENGLISH/ ALL OTHER INDIAN SCHEDULE LANGUAGES,0,,,,,,,
524,YASH SATELLITE INDUSTRIES PRIVATE LIMITED,TTC (earlier JANADESH),HINDI/ ENGLISH/ ALL OTHER INDIAN SCHEDULE LANGUAGES,0,,,,,,,
525,YASH SATELLITE INDUSTRIES PRIVATE LIMITED,YO TV (Earlier YO MUSIC),HINDI/ PUNJABI/ ENGLISH,0,,,,,,,
526,YASH TECHNO MEDIA PVT.LTD.,Suddhi TV(Earlier: MAHA BODHI CHANNEL (earlier REPORTER MAHARASHTRA) ),HINDI & ENGLISH,0,,,,,,,
527,YASH TELE NETWORK PRIVATE LIMITED,"Chitrapat Marathi (Earlier PEARLS NEWS-MADHYA PRADESH- CHATITISGARH , earlier PEARLS KANNADA)",HINDI/ ENGLISH/ ALL OTHER INDIAN LANGUAGES,0,,,,,,,
528,YASH TV ENTERTAINEMENT PVT.LTD.,"PROTIDIN TIME (earlier KHABAR 365 DIN, REPORTER HARYANA)","HINDI, ENGLISH & ALL OTHER INDIAN SCHEDULE LANGUAGE",0,,,,,,,
529,YASH TV MEDIA PRIVATE LIMITED,Pearls Haryana Express (earlier Pearls NCR-Haryana-Rajasthan /PEARLS PUNJABI),HINDI/ ENGLISH/ ALL OTHER INDIAN SCHEDULE LANGUAGES,0,,,,,,,
530,YELAMANCHILI TV PVT. LTD,YONE TV,ALL HINDI LANGUAGES,0,,,,,,,
531,YOGI NETWORKS LTD,GYANA YOGI (Earlier BRINDAVAN TV),"TAMIL ENGLISH, HINDI, AND OTHER SOUTH INDIAN LANGUAGES",0,,,,,,,
532,YPT ENTERTAINMENT HOUSE PRIVATE LIMITED,BULAND NEWS SAMACHAR PLUS (earlier LPS TV/ERA NEWS),"HINDI, ENGLISH, PUNJABI AND ALL OTHER INDIAN SCHEDULE LANGUAGES",0,,,,,,,
533,YPT ENTERTAINMENT HOUSE PRIVATE LIMITED,"HNN 24x7 (earlier Hindustan News Earlier GET PUNJABI, NEWS CHAKRA)","HINDI, ENGLISH, PUNJABI AND ALL OTHER INDIAN SCHEDULE LANGUAGES",0,,,,,,,
534,YPT ENTERTAINMENT HOUSE PRIVATE LIMITED,"Kalki TV (earlier Satyaveeda TV, BHOJPURIA TV ,ERA CHANNEL)","HINDI, BHOJPURI, PUNJABI, ENGLISH AND ALL OTHER INDIAN SCHEDULED LANGUAGES",0,,,,,,,
535,YPT ENTERTAINMENT HOUSE PRIVATE LIMITED,Salvation (earlier KALASH TV /ERA MOVIES),"HINDI, ENGLISH, PUNJABI AND ALL OTHER INDIAN SCHEDULE LANGUAGES",0,,,,,,,
536,YPT ENTERTAINMENT HOUSE PRIVATE LIMITED,Samachar Plus Rajasthan (earlier Buland News),"Hindi, English, Punjabi & all other Idian scheduled languages",0,,,,,,,
537,YPT ENTERTAINMENT HOUSE PRIVATE LIMITED,Vaa Movies (earlier GSI / ERA SPORTS then Fight Sports),"ENGLISH, HINDI AND IN SELECTED CASES, SUBTITLED OR DUCCED IN LOCAL LANGUAGES",0,,,,,,,
538,Zee Entertainment Enterprises Limited,BIG GANGA TALKIES (Earlier BIG GAURAV),MARATHI,0,,,,,,,
539,Zee Entertainment Enterprises Limited,Big Magic HD (Earlier known as Big Magic UP /BIG BONDHON),BANGLA,0,,,,,,,
540,Zee Entertainment Enterprises Limited,Big Magic Punjab (Earlier known Big Magic MP /BIG FAMILY),HINDI,0,,,,,,,
541,Zee Entertainment Enterprises Limited,"Big Thrill (earlier- Big RTL Thrill, Imagine Showbiz )",ENGLISH/ HINDI,0,,,,,,,
542,ZEUS NETWORKING PRIVATE LIMITED,PLANET NEWS (earlier ZEUS NEWS),ALL INDIAN LANGUAGES,0,,,,,,,
543,ZONET CABLE TV PRIVATE LIMITED,ZONET,ALL INDIAN SCHEDULED LANGUAGES,0,,,,,,,
544,Zee Media Corporation Limited ,Ezmall.com,ALL INDIAN SCHEDULED LANGUAGES,0,,,,,,,
545,LCGC Broadcasting (India) Private Ltd,6TV,Telugu and other Indian Regional Languages,0,,,,,,,
546,LCGC Broadcasting (India) Private Ltd,6TV Telangana,Telugu and other Indian regional languages,0,,,,,,,
547,Sahasra Television Pvt. Ltd.,Bhaarat Today,Telugu,0,,,,,,,
548,BBC GLOBAL NEWS INDIA PVT. LTD,CBeebies,ENGLISH,0,,,,,,,
549,IN10 Media Pvt. Ltd,Epic HD,"Hindi, English and all scheduled Indian languages",0,,,,,,,
550,IN10 Media Pvt. Ltd,SHOWBOX,"Hindi, English and all scheduled Indian languages",0,,,,,,,
551,Pen Music Private Limited,ISSAQ,Hindi,0,,,,,,,
552,Pen Music Private Limited,Play My Movie,Hindi,0,,,,,,,
553,Pen Music Private Limited,Play My Song,Hindi,0,,,,,,,
554,Ishwar Media Private Limited,Ishwar Bhajan,"Hindi, English and other Indian scheduled languages",0,,,,,,,
555,Mahesh Hardware & Pipes Pvt. Ltd,Jivan TV (with the tagline- Ke Har Modpar),"Hindi, English & all scheduled Indian languages",0,,,,,,,
556,Love India Entertainment Private Limited,Love World,"Hindi, English & all scheduled Indian languages",0,,,,,,,
557,Sidharth Broadcasting Pvt. Ltd,Sidharth TV,"ODIA, English and all other Indian scheduled languages",0,,,,,,,
558,AVANTI MEDIA LIMITED,TV 100 National,"Hindi, English and Dialects",0,,,,,,,
559,Dharampal Satyapal Limited,Utkrisht News Samachar Plus Rajasthan,"Hindi, English & all scheduled Indian languages",0,,,,,,,
560,Dharampal Satyapal Limited,Utkrisht News Samachar Plus Uttar Pradesh/Uttrakhand,"Hindi, English & all scheduled Indian languages",0,,,,,,,
561,Asianet Star Communications Private Limited,Vijay Music,"Malyalam, English, Hindi, Assamese, Bengali, Bodo, Dogri, Gujarati, Kashmiri, Konkani, Maithili, Tamil, Kannada, Manipuri, Marathi, Nepali, Sanskrit, Santhali, Sindhi, Telugu, Urdu and any other language as may be permitted under the Constitution of India",0,,,,,,,
562,AETN 18 Media Pvt Limited,The History Channel ,Hindi,3,Infotainment,SD,,,,,
563,AETN 18 Media Pvt Limited,FY1 TV18,English,0.25,Infotainment,SD,,,,,
564,AETN 18 Media Pvt Limited,FY1 TV18 (HD),English,1,Infotainment,HD,,,,,
565,AETN 18 Media Pvt Limited,Histroy TV 18 HD,Hindi,7,Infotainment,HD,,,,,
566,Asianet Star Communications Private Limited,Vijay TV ,Tamil,17,GEC,SD,,,,,
567,Asianet Star Communications Private Limited,Vijay Super,Tamil,2,GEC,SD,,,,,
568,Asianet Star Communications Private Limited,Vijay HD,Tamil,19,GEC,HD,,,,,
569,Asianet Star Communications Private Limited,Asianet ,Malayalam,19,GEC,SD,,,,,
570,Asianet Star Communications Private Limited,Asianet Plus,Malayalam,5,GEC,SD,,,,,
571,Asianet Star Communications Private Limited,Asianet Movies,Malayalam,15,Movies,SD,,,,,
572,Asianet Star Communications Private Limited,Suvarna Plus,Kannada,1,Movies,SD,,,,,
573,Asianet Star Communications Private Limited,Star Suvarna  HD,Kannada,19,GEC,HD,,,,,
574,Asianet Star Communications Private Limited,Asianet HD,Malayalam,19,GEC,HD,,,,,
575,Asianet Star Communications Private Limited,Star Suvarna ,Kannada,9,GEC,SD,,,,,
576,Bangla Entertainment Private Limited,AATH,Bangla,4,GEC,SD,,,,,
577,Bangla Entertainment Private Limited,SONY Marathi ,Marathi,4,GEC,SD,,,,,
578,BBC Global News India Private Limited,BBC World News,English,1,News,SD,,,,,
579,"Bennett, Coleman & Company Limited",Zoom,Hindi,0.5,GEC,SD,,,,,
580,"Bennett, Coleman & Company Limited",Romedy Now,English,6,Movies,SD,,,,,
581,"Bennett, Coleman & Company Limited",MN +,English,10,Movies,HD,,,,,
582,"Bennett, Coleman & Company Limited",Mirror Now  ,English/Hindi,0.5,News,SD,,,,,
583,"Bennett, Coleman & Company Limited",ET NOW,English/Hindi,3,News,SD,,,,,
584,"Bennett, Coleman & Company Limited",Times Now,English/Hindi,3,News,SD,,,,,
585,"Bennett, Coleman & Company Limited",Romedy Now HD,English,9,Movies,HD,,,,,
586,"Bennett, Coleman & Company Limited",Movies Now HD,English,12,Movies,HD,,,,,
587,"Bennett, Coleman & Company Limited",MNX HD ,English,9,Movies,HD,,,,,
588,"Bennett, Coleman & Company Limited",MNX ,English,6,Movies,SD,,,,,
589,"Bennett, Coleman & Company Limited",Times Now World ,English,5,News,HD,,,,,
590,Celebrities Management Pvt Limited,Travel XP HD ,English,9,Miscellaneous,HD,,,,,
591,Celebrities Management Pvt Limited,Travel XP Tamil,Tamil,1.5,Miscellaneous,SD,,,,,
592,CSL Info Media Private Limited,JAN TV PLUS,Hindi,50,News,SD,,,,,
593,Discovery Communications India,Animal Planet,English/Hindi,2,Infotainment,SD,,,,,
594,Discovery Communications India,Discovery Channel ,English/Hindi,4,Infotainment,SD,,,,,
595,Discovery Communications India,Discovery Channel – Tamil,Tamil,4,Infotainment,SD,,,,,
596,Discovery Communications India,Discovery Kids Channel,English,3,Kids,SD,,,,,
597,Discovery Communications India,Discovery Science ,English/Hindi,1,Infotainment,SD,,,,,
598,Discovery Communications India,Discovery Turbo ,English/Hindi,1,Infotainment,SD,,,,,
599,Discovery Communications India,Discovery Jeet ,Hindi,1,GEC,SD,,,,,
600,Discovery Communications India,Discovery HD World ,English,6,Infotainment,HD,,,,,
601,Discovery Communications India,Animal Planet HD World ,English/Hindi,3,Infotainment,HD,,,,,
602,Discovery Communications India,TLC HD world ,English/Hindi,3,Infotainment,HD,,,,,
603,Discovery Communications India,Discovery Jeet HD,Hindi,2,GEC,HD,,,,,
604,Discovery Communications India,TLC ,English/Hindi,2,Infotainment,SD,,,,,
605,Discovery Communications India,Dsport,English,4,Sports,SD,,,,,
606,Disney Broadcasting (India) Ltd,Disney Junior,English,3,Kids,SD,,,,,
607,Disney Broadcasting (India) Ltd,UTV Movies ,Hindi,2,Movies,SD,,,,,
608,Disney Broadcasting (India) Ltd,Marvel HQ ,English/Hindi,3,Kids,SD,,,,,
609,Disney Broadcasting (India) Ltd,Disney International HD ,English,12,GEC,HD,,,,,
610,Disney Broadcasting (India) Ltd,Hungama TV ,English/Hindi,6,Kids,SD,,,,,
611,Disney Broadcasting (India) Ltd,The Disney Channel,English/Hindi,8,Kids,SD,,,,,
612,Disney Broadcasting (India) Ltd,UTV HD,Hindi,8,Movies,HD,,,,,
613,Disney Broadcasting (India) Ltd,UTV Bindass,Hindi,0.1,GEC,SD,,,,,
614,Disney Broadcasting (India) Ltd,UTV Action,Hindi,2,Movies,SD,,,,,
615,Eenadu Televisoin Private Limited,ETV ,Telugu,17,GEC,SD,,,,,
616,Eenadu Televisoin Private Limited,ETV Andhra Pradesh ,Telugu,1,News,SD,,,,,
617,Eenadu Televisoin Private Limited,ETV - Telangana  ,Telugu,1,News,SD,,,,,
618,Eenadu Televisoin Private Limited,ETV Cinema,Telugu,6,Movies,SD,,,,,
619,Eenadu Televisoin Private Limited,ETV Life,Telugu,1,GEC,SD,,,,,
620,Eenadu Televisoin Private Limited,ETV Plus,Telugu,7,GEC,SD,,,,,
621,Eenadu Televisoin Private Limited,ETV Abhiruchi,Telugu,2,GEC,SD,,,,,
622,Eenadu Televisoin Private Limited,ETV HD,Telugu,19,GEC,HD,,,,,
623,Eenadu Televisoin Private Limited,ETV Plus HD,Telugu,9,GEC,HD,,,,,
624,Eenadu Televisoin Private Limited,ETV Cinema HD,Telugu,8,Movies,HD,,,,,
625,Eenadu Televisoin Private Limited,ETV Abhiruchi HD,Telugu,3,GEC,HD,,,,,
626,Eenadu Televisoin Private Limited,ETV Life HD,Telugu,2,GEC,HD,,,,,
627,EPIC Television Networks Pvt Limited,EPIC TV,English/Hindi,2,Infotainment,SD,,,,,
628,Fame Media Private Limited,4tv News,Urdu/Hindi,1,News,SD,,,,,
629,Greycells18 Media Limited,Topper TV ,English,59.32,Miscellaneous,SD,,,,,
630,IBN Lokmat News Private Ltd,News 18 Lokmat ,Hindi,0.1,News,SD,,,,,
631,Living Entertainment Enterprises Private Ltd,Living Foodz HD,Hindi,10,Infotainment,HD,,,,,
632,Living Entertainment Enterprises Private Ltd,Living Travelz,Hindi,0.1,Infotainment,SD,,,,,
633,Mavis Satcom Limited,J Movies,Tamil,2.25,Movies,SD,,,,,
634,Mavis Satcom Limited,Jaya Max,Tamil,2.25,Music,SD,,,,,
635,Mavis Satcom Limited,Jaya Plus,Tamil,0.5,News,SD,,,,,
636,Mavis Satcom Limited,Jaya TV HD,Tamil,6,GEC,HD,,,,,
637,MSM World Wide Factual Media Private Limited,SONY BBC EARTH,English/Hindi,4,Infotainment,SD,,,,,
638,MSM World Wide Factual Media Private Limited,SONY BBC EARTH HD,English/Hindi,10,Infotainment,HD,,,,,
639,Media World Wide Limited,Travel XP,English,3,Miscellaneous,SD,,,,,
640,Lex Sportel Vision Private Limited,1SPORTS,English,4,Sports,SD,,,,,
641,Lifestyle and Media Broadcasting Limited,Good Times,English,1.5,Miscellaneous,SD,,,,,
642,New Delhi Television Limited,NDTV 24*7,English,3,News,SD,,,,,
643,New Delhi Television Limited,NDTV India,Hindi,1,News,SD,,,,,
644,New Delhi Television Limited,NDTV Profit ,English,1,News,SD,,,,,
645,NGC Network (India) Pvt Ltd,Fox Life ,English/Hindi,1,Miscellaneous,SD,,,,,
646,NGC Network (India) Pvt Ltd,National Geographic Channel (NGC),English/Hindi,2,Infotainment,SD,,,,,
647,NGC Network (India) Pvt Ltd,Fox Life HD ,English/Hindi,1,Miscellaneous,HD,,,,,
648,NGC Network (India) Pvt Ltd,Nat Geo  Wild,English/Hindi,1,Infotainment,SD,,,,,
649,NGC Network (India) Pvt Ltd,National Geographic HD,English/Hindi,10,Infotainment,HD,,,,,
650,NGC Network (India) Pvt Ltd,National Geographic Tamil,Tamil,2,Infotainment,SD,,,,,
651,NGC Network (India) Pvt Ltd,Nat Geo Wild HD ,English/Hindi,5,Infotainment,HD,,,,,
652,NGC Network (India) Pvt Ltd,National Geographic Telugu,Telugu,2,Infotainment,SD,,,,,
653,NGC Network (India) Pvt Ltd,Baby TV HD,English/Hindi,1,Kids,HD,,,,,
654,NOIDA Software Technology Park  Limited,NHK World Premium (HD Distribution),Japanese ,1800,Infotainment,HD,,,,,
655,Odisha Television Limited,Prarthana,Odia,2,Devotional,SD,,,,,
656,Odisha Television Limited,Tarang,Odia,10,GEC,SD,,,,,
657,Odisha Television Limited,Tarang Music ,Odia,2,Music,SD,,,,,
658,Odisha Television Limited,Alankar,Odia,4,Movies,SD,,,,,
659,Raj Television Network Limited,Raj Digital Plus,Tamil,1.5,Movies,SD,,,,,
660,Raj Television Network Limited,Raj Musix,Tamil,1,Music,SD,,,,,
661,Raj Television Network Limited,Raj News ,Tamil,0.25,News,SD,,,,,
662,Raj Television Network Limited,Raj TV,Tamil,3,GEC,SD,,,,,
663,Sarthak Entertainment Pvt Limited,ZEE Sarthak ,Odia,19,GEC,SD,,,,,
664,Silverstar Communications Limited,Mega 24,Tamil,1,GEC,SD,,,,,
665,Silverstar Communications Limited,Mega Musiq,Tamil,2,Music,SD,,,,,
666,Silverstar Communications Limited,Mega TV,Tamil,3,GEC,SD,,,,,
667,Sony Pictures Networks India Private Limited ,Sony YAY! ,English,2,Kids,SD,,,,,
668,Sony Pictures Networks India Private Limited ,AXN,English,5,GEC,SD,,,,,
669,Sony Pictures Networks India Private Limited ,SET MAX,Hindi,15,Movies,SD,,,,,
670,Sony Pictures Networks India Private Limited ,MIX,Hindi,1,Music,SD,,,,,
671,Sony Pictures Networks India Private Limited ,SAB,Hindi,19,GEC,SD,,,,,
672,Sony Pictures Networks India Private Limited ,SONY ENTERTAINMENT CHANNEL (SET),Hindi,19,GEC,SD,,,,,
673,Sony Pictures Networks India Private Limited ,PIX ,English,10,Movies,SD,,,,,
674,Sony Pictures Networks India Private Limited ,SIX ,English/Hindi,15,Sports,SD,,,,,
675,Sony Pictures Networks India Private Limited ,MAX 2,Hindi,1,Movies,SD,,,,,
676,Sony Pictures Networks India Private Limited ,PAL,Hindi,1,GEC,SD,,,,,
677,Sony Pictures Networks India Private Limited ,SET HD,Hindi,19,GEC,HD,,,,,
678,Sony Pictures Networks India Private Limited ,SIX  HD,English/Hindi,19,Sports,HD,,,,,
679,Sony Pictures Networks India Private Limited ,PIX HD,English,15,Movies,HD,,,,,
680,Sony Pictures Networks India Private Limited ,MAX HD,Hindi,17,Movies,HD,,,,,
681,Sony Pictures Networks India Private Limited ,SONY ESPN HD,English/Hindi,7,Sports,HD,,,,,
682,Sony Pictures Networks India Private Limited ,Ten 2 HD,English/Hindi,17,Sports,HD,,,,,
683,Sony Pictures Networks India Private Limited ,Ten 3 HD,English/Hindi,17,Sports,HD,,,,,
684,Sony Pictures Networks India Private Limited ,SONY ESPN ,English/Hindi,5,Sports,SD,,,,,
685,Sony Pictures Networks India Private Limited ,AXN HD,English,7,GEC,HD,,,,,
686,Sony Pictures Networks India Private Limited ,Ten 2 ,English/Hindi,15,Sports,SD,,,,,
687,Sony Pictures Networks India Private Limited ,Ten 1,English,19,Sports,SD,,,,,
688,Sony Pictures Networks India Private Limited ,Ten 3,English/Hindi,17,Sports,SD,,,,,
689,Sony Pictures Networks India Private Limited ,Ten 1 HD ,English,19,Sports,HD,,,,,
690,Sony Pictures Networks India Private Limited ,SONY Wah,Hindi,1,Movies,SD,,,,,
691,Sony Pictures Networks India Private Limited ,SAB HD,Hindi,19,GEC,HD,,,,,
692,Star India Private Limited,Star Sports 3 ,English/Hindi,2,Sports,SD,,,,,
693,Star India Private Limited,Star Sports 1 Tamil ,Tamil,17,Sports,SD,,,,,
694,Star India Private Limited,Star Sports Select 2 ,English/Hindi,7,Sports,SD,,,,,
695,Star India Private Limited,Star Bharat ,Hindi,10,GEC,SD,,,,,
696,Star India Private Limited,Movies OK,Hindi,1,Movies,SD,,,,,
697,Star India Private Limited,Star Sports 1 Hindi ,Hindi,19,Sports,SD,,,,,
698,Star India Private Limited,Star Gold,Hindi,8,Movies,SD,,,,,
699,Star India Private Limited,Star Jalsha,Bangla,19,GEC,SD,,,,,
700,Star India Private Limited,Star Movies,English,12,Movies,SD,,,,,
701,Star India Private Limited,Star Gold Select ,Hindi,7,Movies,SD,,,,,
702,Star India Private Limited,Star Plus,Hindi,19,GEC,SD,,,,,
703,Star India Private Limited,Star Pravah,Marathi,9,GEC,SD,,,,,
704,Star India Private Limited,Star Sports 1,English/Hindi,19,Sports,SD,,,,,
705,Star India Private Limited,Star Sports 2 ,English/Hindi,6,Sports,SD,,,,,
706,Star India Private Limited,Star World,English,8,GEC,SD,,,,,
707,Star India Private Limited,Jalsha Movies,Bangla,6,Movies,SD,,,,,
708,Star India Private Limited,Star Sports HD 2,English/Hindi,19,Sports,HD,,,,,
709,Star India Private Limited,Star Sports  HD 1 ,English/Hindi,19,Sports,HD,,,,,
710,Star India Private Limited,Star Bharat HD ,Hindi,19,GEC,HD,,,,,
711,Star India Private Limited,Star Gold HD,Hindi,10,Movies,HD,,,,,
712,Star India Private Limited,Star Movies HD,English,19,Movies,HD,,,,,
713,Star India Private Limited,Star Plus HD,Hindi,19,GEC,HD,,,,,
714,Star India Private Limited,Star World Prmiere HD,English,9,GEC,HD,,,,,
715,Star India Private Limited,Star Sports 1 HD Hindi ,Hindi,19,Sports,HD,,,,,
716,Star India Private Limited,Star Sports Select 1 ,English/Hindi,19,Sports,SD,,,,,
717,Star India Private Limited,Star Movies Select HD,English,10,Movies,HD,,,,,
718,Star India Private Limited,Star World HD,English,9,GEC,HD,,,,,
719,Star India Private Limited,Star Sports First ,English/Hindi,1,Sports,SD,,,,,
720,Star India Private Limited,MAA Gold ,Telugu,2,Movies,SD,,,,,
721,Star India Private Limited,MAA Movies ,Telugu,10,Movies,SD,,,,,
722,Star India Private Limited,MAA Music,Telugu,1,Music,SD,,,,,
723,Star India Private Limited,MAA TV,Telugu,19,GEC,SD,,,,,
724,Star India Private Limited,Star Pravah HD,Marathi,15,GEC,HD,,,,,
725,Star India Private Limited,Star Jalsha HD,Bangla,19,GEC,HD,,,,,
726,Star India Private Limited,Jalsha Movies HD,Bangla,19,Movies,HD,,,,,
727,Star India Private Limited,Star Sports Select HD 1,English/Hindi,19,Sports,HD,,,,,
728,Star India Private Limited,Star Sports Select HD 2,English/Hindi,10,Sports,HD,,,,,
729,Star India Private Limited,MAA HD,Telugu,19,GEC,HD,,,,,
730,Star India Private Limited,Star Gold Select HD ,Hindi,8,Movies,HD ,,,,,
731,Star India Private Limited,MAA Movies HD,Telugu,19,Movies,HD,,,,,
732,Star India Private Limited,Star Sport 1 Telugu,Telugu,19,Sports,SD,,,,,
733,Star India Private Limited,Star Sport 1 Kannada,Kannada,19,Sports,SD,,,,,
734,Star India Private Limited,Star Sports 1 Bangla ,Bangla,6,Sports,SD,,,,,
735,Star India Private Limited,Star Utsav,Hindi,1,GEC,SD,,,,,
736,Star India Private Limited,Star Sports 1 Marathi,Marathi,13,Sports,SD,,,,,
737,Star India Private Limited,Star Utsav Movies,Hindi,1,Movies,SD,,,,,
738,SUN TV Network Limited,Adithya TV,Tamil,9,GEC,SD,,,,,
739,SUN TV Network Limited,Chintu TV ,Kannada,6,Kids,SD,,,,,
740,SUN TV Network Limited,Chutti TV,Tamil,6,Kids,SD,,,,,
741,SUN TV Network Limited,Gemini Comedy ,Telugu,5,GEC,SD,,,,,
742,SUN TV Network Limited,Gemini Life,Telugu,5,GEC,SD,,,,,
743,SUN TV Network Limited,Gemini Movies ,Telugu,17,GEC,SD,,,,,
744,SUN TV Network Limited,Gemini Music ,Telugu,4,Music,SD,,,,,
745,SUN TV Network Limited,Gemini News,Telugu,0.1,News,SD,,,,,
746,SUN TV Network Limited,Gemini TV,Telugu,19,GEC,SD,,,,,
747,SUN TV Network Limited,KTV,Tamil,19,GEC,SD,,,,,
748,SUN TV Network Limited,Surya Movies ,Malayalam,11,GEC,SD,,,,,
749,SUN TV Network Limited,Kushi TV ,Telugu,4,Kids,SD,,,,,
750,SUN TV Network Limited,SUN Life,Tamil,9,GEC,SD,,,,,
751,SUN TV Network Limited,Sun Music,Tamil,6,Music,SD,,,,,
752,SUN TV Network Limited,Sun News,Tamil,1,News,SD,,,,,
753,SUN TV Network Limited,Surya Music ,Malayalam,4,Music,SD,,,,,
754,SUN TV Network Limited,SUN TV,Tamil,19,GEC,SD,,,,,
755,SUN TV Network Limited,Surya Comedy ,Malayalam,4,GEC,SD,,,,,
756,SUN TV Network Limited,Surya TV,Malayalam,12,GEC,SD,,,,,
757,SUN TV Network Limited,Udaya Comedy ,Kannada,6,Movies,SD,,,,,
758,SUN TV Network Limited,Udaya Movies,Kannada,16,GEC,SD,,,,,
759,SUN TV Network Limited,Udaya Music,Kannada,6,Music,SD,,,,,
760,SUN TV Network Limited,Udaya News,Kannada,0.1,News,SD,,,,,
761,SUN TV Network Limited,Udaya TV,Kannada,17,GEC,SD,,,,,
762,SUN TV Network Limited,Kochu TV,Malayalam,5,Kids,SD,,,,,
763,SUN TV Network Limited,Sun TV HD,Tamil,19,GEC,HD,,,,,
764,SUN TV Network Limited,KTV HD,Tamil,19,GEC,HD,,,,,
765,SUN TV Network Limited,Sun Music HD,Tamil,19,Music,HD,,,,,
766,SUN TV Network Limited,Gemini TV HD,Telugu,19,GEC,HD,,,,,
767,SUN TV Network Limited,Gemini Music HD ,Telugu,19,Music,HD,,,,,
768,SUN TV Network Limited,Gemini Movies HD ,Telugu,19,GEC,HD,,,,,
769,SUN TV Network Limited,Surya TV HD ,Malayalam,19,GEC,HD,,,,,
770,SUN TV Network Limited,Udaya TV HD ,Kannada,19,GEC,HD,,,,,
771,Suryansh Broadcasting Private Limited,Flowers,Malayalam,10,GEC,SD,,,,,
772,Turner International India Pvt Ltd,Cartoon Network ,Hindi,4.25,Kids,SD,,,,,
773,Turner International India Pvt Ltd,CNN International ,English,0.5,News,SD,,,,,
774,Turner International India Pvt Ltd,HBO,English,10,Movies,SD,,,,,
775,Turner International India Pvt Ltd,POGO ,Hindi,4.25,Kids,SD,,,,,
776,Turner International India Pvt Ltd,Cartoon Network HD+,Hindi,5,Kids,HD,,,,,
777,Turner International India Pvt Ltd,WB,English,1,Movies,SD,,,,,
778,Turner International India Pvt Ltd,HBO HD  ,English,12,Movies,HD,,,,,
779,TV 18 Broadcast Limited ,CNN News 18 ,English,0.5,News,SD,,,,,
780,TV 18 Broadcast Limited ,CNBC Bajaar,Gujarati,1,News,SD,,,,,
781,TV 18 Broadcast Limited ,CNBC TV 18 Prime HD,English,1,News,HD,,,,,
782,TV 18 Broadcast Limited ,CNBC Awaaz,Hindi,1,News,SD,,,,,
783,TV 18 Broadcast Limited ,News 18 Tamil Nadu,Tamil,0.1,News,SD,,,,,
784,TV 18 Broadcast Limited ,News 18 Kerala,Malayalam,0.1,News,SD,,,,,
785,TV 18 Broadcast Limited ,News 18 Assam / North East,Assamese,0.1,News,SD,,,,,
786,TV 18 Broadcast Limited ,News 18 India,Hindi,0.1,News,SD,,,,,
787,TV 18 Broadcast Limited ,CNBC TV 18,English,4,News,SD,,,,,
788,TV 18 Broadcast Limited ,News 18 Bihar Jharkhand,Hindi,0.1,News,SD,,,,,
789,TV 18 Broadcast Limited ,News 18 Madhya Pradesh / Chattisgarh ,Hindi,0.1,News,SD,,,,,
790,TV 18 Broadcast Limited ,News 18 Rajasthan,Hindi,0.1,News,SD,,,,,
791,TV 18 Broadcast Limited ,News 18 Uttar Pradesh/ Uttaranchal,Hindi,0.1,News,SD,,,,,
792,TV 18 Broadcast Limited ,News 18 Urdu ,Urdu,0.1,News,SD,,,,,
793,TV 18 Broadcast Limited ,News 18 Kannada ,Kannada,0.1,News,SD,,,,,
794,TV 18 Broadcast Limited ,News 18 Bangla ,Bangla,0.1,News,SD,,,,,
795,TV 18 Broadcast Limited ,News 18 Punjab / Haryana / Himanchal Pradesh,Punjabi,0.1,News,SD,,,,,
796,TV 18 Broadcast Limited ,News 18 Gujarati,Gujarati,0.1,News,SD,,,,,
797,TV 18 Broadcast Limited ,News 18 Odia ,Odia,0.1,News,SD,,,,,
798,TV Today Network Limited,Aaj Tak,Hindi,0.75,News,SD,,,,,
799,TV Today Network Limited,India Today ,English,1,News,SD,,,,,
800,TV Today Network Limited,AAJ Tak HD,Hindi,1.5,News,HD,,,,,
801,TV Today Network Limited,Aaj Tak Tez,Hindi,0.25,News,SD,,,,,
802,Viacom 18 Media Private Limited,Colors,Hindi,19,GEC,SD,,,,,
803,Viacom 18 Media Private Limited,Comedy Central (HD ),English,9,GEC,HD,,,,,
804,Viacom 18 Media Private Limited,MTV ,Hindi,3,Music,SD,,,,,
805,Viacom 18 Media Private Limited,NICK ,Hindi,6,Kids,SD,,,,,
806,Viacom 18 Media Private Limited,NICK JR ,English,1,Kids,SD,,,,,
807,Viacom 18 Media Private Limited,SONIC ,Hindi,2,Kids,SD,,,,,
808,Viacom 18 Media Private Limited,VH 1 (HD Distribution),English,2,Music,HD,,,,,
809,Viacom 18 Media Private Limited,Colors Infinity HD,English,9,GEC,HD,,,,,
810,Viacom 18 Media Private Limited,Colors Infinity,English,5,GEC,SD,,,,,
811,Viacom 18 Media Private Limited,Colors HD,Hindi,19,GEC,HD,,,,,
812,Viacom 18 Media Private Limited,NICKS HD+,Hindi,10,Kids,HD,,,,,
813,Viacom 18 Media Private Limited,Colors Cineplex,Hindi,3,Movies,SD,,,,,
814,Viacom 18 Media Private Limited,MTV Beats ,Hindi,0.1,Music,SD,,,,,
815,Viacom 18 Media Private Limited,Colors Kannada HD,Kannada,19,GEC,HD,,,,,
816,Viacom 18 Media Private Limited,Colors Marathi HD,Marathi,17,GEC,HD,,,,,
817,Viacom 18 Media Private Limited,Colors Bangla HD,Bangla,14,GEC,HD,,,,,
818,Viacom 18 Media Private Limited,Colors Super,Kannada,3,GEC,SD,,,,,
819,Viacom 18 Media Private Limited,Colors Bangla,Bangla,7,GEC,SD,,,,,
820,Viacom 18 Media Private Limited,Colors Gujarati  ,Gujarati,5,GEC,SD,,,,,
821,Viacom 18 Media Private Limited,Colors Kannada ,Kannada,19,GEC,SD,,,,,
822,Viacom 18 Media Private Limited,Colors Marathi ,Marathi,10,GEC,SD,,,,,
823,Viacom 18 Media Private Limited,Colors Oriya ,Oriya,6,GEC,SD,,,,,
824,Viacom 18 Media Private Limited,MTV Beats HD,Hindi,1,Music,HD,,,,,
825,Viacom 18 Media Private Limited,Colors Tamil,Tamil,3,GEC,SD,,,,,
826,Viacom 18 Media Private Limited,Colors Cineplex HD ,Hindi,5,Movies,HD,,,,,
827,Viacom 18 Media Private Limited,VH 1,English,1,Music,SD,,,,,
828,Viacom 18 Media Private Limited,Colors Tamil HD,Tamil,7,GEC,HD,,,,,
829,Viacom 18 Media Private Limited,MTV HD+,Hindi,5,Music,HD,,,,,
830,Viacom 18 Media Private Limited,Colors Rishtey,Hindi,1,GEC,SD,,,,,
831,Viacom 18 Media Private Limited,Colors Kannada Cinema,Kannada,2,Movies,SD,,,,,
832,Viacom 18 Media Private Limited,Colors Gujarati Cinema,Gujarati,1,Movies,SD,,,,,
833,Viacom 18 Media Private Limited,Comedy Central,English,5,GEC,SD,,,,,
834,Viacom 18 Media Private Limited,Colors Bangla Cinema ,Bangla,1,Movies,SD,,,,,
835,Zee Akaash News Private Limited,Zee 24 Ghanta,Bangla,0.1,News ,SD,,,,,
836,Zee Entertainment Enterprises Limited,Zee  Bollywood ,Hindi,2,Movies,SD,,,,,
837,Zee Entertainment Enterprises Limited,Zee Action,Hindi,1,Movies,SD,,,,,
838,Zee Entertainment Enterprises Limited,Zee Bangla Cinema,Bangla,2,Movies,SD,,,,,
839,Zee Entertainment Enterprises Limited,Zee Café HD,English,19,GEC,HD,,,,,
840,Zee Entertainment Enterprises Limited,Zee Café,English,15,GEC,SD,,,,,
841,Zee Entertainment Enterprises Limited,Zee Cinema,Hindi,15,Movies,SD,,,,,
842,Zee Entertainment Enterprises Limited,Zee Talkies,Marathi,2,Movies,SD,,,,,
843,Zee Entertainment Enterprises Limited,Zee TV ,Hindi,19,GEC,SD,,,,,
844,Zee Entertainment Enterprises Limited,Zing,Hindi,0.1,Music,SD,,,,,
845,Zee Entertainment Enterprises Limited,& Picture,Hindi,6,Movies,SD,,,,,
846,Zee Entertainment Enterprises Limited,Zee Bangla,Bangla,19,GEC,SD,,,,,
847,Zee Entertainment Enterprises Limited,Zee Marathi,Marathi,19,GEC,SD,,,,,
848,Zee Entertainment Enterprises Limited,Living Foodz ,English/Hindi,1,Infotainment,SD,,,,,
849,Zee Entertainment Enterprises Limited,Zee TV HD,Hindi,19,GEC,HD,,,,,
850,Zee Entertainment Enterprises Limited,Zee Cinema HD,Hindi,19,Movies,HD,,,,,
851,Zee Entertainment Enterprises Limited,& TV,Hindi,12,GEC,SD,,,,,
852,Zee Entertainment Enterprises Limited,& TV HD,Hindi,19,GEC,HD,,,,,
853,Zee Entertainment Enterprises Limited,Zee Kannada,Kannada,19,GEC,SD,,,,,
854,Zee Entertainment Enterprises Limited,Zee Telugu,Telugu,19,GEC,SD,,,,,
855,Zee Entertainment Enterprises Limited,& Pictures HD,English/Hindi,19,Movies,HD,,,,,
856,Zee Entertainment Enterprises Limited,Zee Cinemalu,Telugu,10,Movies,SD,,,,,
857,Zee Entertainment Enterprises Limited,Zee Yuva,Marathi,1,GEC,SD,,,,,
858,Zee Entertainment Enterprises Limited,Zee Marathi HD,Marathi,19,GEC,HD,,,,,
859,Zee Entertainment Enterprises Limited,& Prive HD,English,19,Movies,HD,,,,,
860,Zee Entertainment Enterprises Limited,Zee Bangla HD,Bangla,19,GEC,HD,,,,,
861,Zee Entertainment Enterprises Limited,Zee Tamil HD,Tamil,19,GEC,HD,,,,,
862,Zee Entertainment Enterprises Limited,Zee Cinemalu HD,Telugu,16,Movies,HD,,,,,
863,Zee Entertainment Enterprises Limited,Zee Telugu HD,Telugu,19,GEC,HD,,,,,
864,Zee Entertainment Enterprises Limited,Zee Tamil,Tamil,12,GEC,SD,,,,,
865,Zee Entertainment Enterprises Limited,Zee Kannada HD,Kannada,19,GEC,HD,,,,,
866,Zee Entertainment Enterprises Limited,Zee Anmol Cinema,Hindi,0.1,Movies,SD,,,,,
867,Zee Entertainment Enterprises Limited,& Flix HD,English,19,Movies,HD,,,,,
868,Zee Entertainment Enterprises Limited,& Flix,English,15,Movies ,SD,,,,,
869,Zee Entertainment Enterprises Limited,Zee Keralam HD,Malayalam,8,GEC,HD,,,,,
870,Zee Entertainment Enterprises Limited,Zee Keralam,Malayalam,0.1,GEC,SD,,,,,
871,Zee Entertainment Enterprises Limited,Zee ETC,Hindi,0.1,Music,SD,,,,,
872,Zee Entertainment Enterprises Limited,Zee Anmol,Hindi,0.1,GEC,SD,,,,,
873,Zee Entertainment Enterprises Limited,Big Magic,Hindi,0.1,GEC,SD,,,,,
874,Zee Entertainment Enterprises Limited,Big Ganga,Bhojpuri,0.5,GEC,SD,,,,,
875,Zee Entertainment Enterprises Limited,Zee Classic,Hindi,0.5,Movies,SD,,,,,
876,Zee Entertainment Enterprises Limited,&Xplore HD,Hindi,4,Movies,HD,,,,,
877,Zee Entertainment Enterprises Limited,Zee Talkies HD ,Marathi,19,Movies ,HD,,,,,
878,Zee Entertainment Enterprises Limited,Ganga Biskope,Bhojpuri,0.1,Movies,SD,,,,,
879,Zee Media Corporation Limited,Zee 24 Taas,Marathi,0.1,News,SD,,,,,
880,Zee Media Corporation Limited,Zee Odisha,Odia,0.1,News,SD,,,,,
881,Zee Media Corporation Limited,Zee Business,Hindi,0.1,News,SD,,,,,
882,Zee Media Corporation Limited,Zee Punjab Haryana Himachal ,Hindi,0.1,News,SD,,,,,
883,Zee Media Corporation Limited,Zee Madhya Pradesh Chattisgarh,Hindi,0.1,News,SD,,,,,
884,Zee Media Corporation Limited,Zee Salaam,Urdu,0.1,News,SD,,,,,
885,Zee Media Corporation Limited,Zee 24 Kalak,Hindi,0.1,News,SD,,,,,
886,Zee Media Corporation Limited,WION,Hindi,1,News,SD,,,,,
887,Zee Media Corporation Limited,Zee Uttar Pradesh Uttrakhand,Hindi,0.1,News,SD,,,,,
888,Zee Media Corporation Limited,Zee Hindustan,Hindi,0.1,News ,SD,,,,,
889,Zee Media Corporation Limited,Zee Bihar Jharkhand,Hindi,0.1,News,SD,,,,,
890,Zee Media Corporation Limited,Zee News,Hindi,0.1,News,SD,,,,,
891,Zee Media Corporation Limited,Zee Rajasthan News,Hindi,0.1,News,SD,,,,,
892,Zoom Entertainment Network Limited,Movies Now ,English,10,Movies,SD,,,,,
